{"chunk":214,"numChunks":252,"fileHash":"uosZxi4dBSfu8Vg45yRueuIDfDVG+VKDRJUui7BOpAw=","filePath":"package-lock.json","content":"{\n  \"packages\": {\n    \"node_modules/react-markdown\": {\n      \"version\": \"10.1.0\",\n      \"resolved\": \"https://registry.npmjs.org/react-markdown/-/react-markdown-10.1.0.tgz\",\n      \"integrity\": \"sha512-qKxVopLT/TyA6BX3Ue5NwabOsAzm0Q7kAPwq6L+wWDwisYs7R8vZ0nRXqq6rkueboxpkjvLGU9fWifiX/ZZFxQ==\",\n      \"license\": \"MIT\",\n      \"dependencies\": {\n        \"@types/hast\": \"^3.0.0\",\n        \"@types/mdast\": \"^4.0.0\",\n        \"devlop\": \"^1.0.0\",\n        \"hast-util-to-jsx-runtime\": \"^2.0.0\",\n        \"html-url-attributes\": \"^3.0.0\",\n        \"mdast-util-to-hast\": \"^13.0.0\",\n        \"remark-parse\": \"^11.0.0\",\n        \"remark-rehype\": \"^11.0.0\",\n        \"unified\": \"^11.0.0\",\n        \"unist-util-visit\": \"^5.0.0\",\n        \"vfile\": \"^6.0.0\"\n      },\n      \"funding\": {\n        \"type\": \"opencollective\",\n        \"url\": \"https://opencollective.com/unified\"\n      },\n      \"peerDependencies\": {\n        \"@types/react\": \">=18\",\n        \"react\": \">=18\"\n      }\n    },"}