{"chunk":52,"numChunks":252,"fileHash":"uosZxi4dBSfu8Vg45yRueuIDfDVG+VKDRJUui7BOpAw=","filePath":"package-lock.json","content":"{\n  \"packages\": {\n    \"node_modules/@types/hast\": {\n      \"version\": \"3.0.4\",\n      \"resolved\": \"https://registry.npmjs.org/@types/hast/-/hast-3.0.4.tgz\",\n      \"integrity\": \"sha512-WPs+bbQw5aCj+x6laNGWLH3wviHtoCv/P3+otBhbOhJgG8qtpdAMlTCxLtsTWA7LH1Oh/bFCHsBn0TPS5m30EQ==\",\n      \"license\": \"MIT\",\n      \"dependencies\": {\n        \"@types/unist\": \"*\"\n      }\n    },\n    \"node_modules/@types/json-schema\": {\n      \"version\": \"7.0.15\",\n      \"resolved\": \"https://registry.npmjs.org/@types/json-schema/-/json-schema-7.0.15.tgz\",\n      \"integrity\": \"sha512-5+fP8P8MFNC+AyZCDxrB2pkZFPGzqQWUzpSeuuVLvm8VMcorNYavBqoFcxK8bQz4Qsbn4oUEEem4wDLfcysGHA==\",\n      \"dev\": true,\n      \"license\": \"MIT\"\n    },"}