{"chunk":75,"numChunks":252,"fileHash":"uosZxi4dBSfu8Vg45yRueuIDfDVG+VKDRJUui7BOpAw=","filePath":"package-lock.json","content":"{\n  \"packages\": {\n    \"node_modules/csstype\": {\n      \"version\": \"3.1.3\",\n      \"resolved\": \"https://registry.npmjs.org/csstype/-/csstype-3.1.3.tgz\",\n      \"integrity\": \"sha512-M1uQkMl8rQK/szD0LNhtqxIPLpimGm8sOBwU7lLnCpSbTyY3yeU1Vc7l4KT5zT4s/yOxHH5O7tIuuLOCnLADRw==\",\n      \"license\": \"MIT\"\n    },\n    \"node_modules/debug\": {\n      \"version\": \"4.4.3\",\n      \"resolved\": \"https://registry.npmjs.org/debug/-/debug-4.4.3.tgz\",\n      \"integrity\": \"sha512-RGwwWnwQvkVfavKVt22FGLw+xYSdzARwm0ru6DhTVA3umU5hZc28V3kO4stgYryrTlLpuvgI9GiijltAjNbcqA==\",\n      \"license\": \"MIT\",\n      \"dependencies\": {\n        \"ms\": \"^2.1.3\"\n      },\n      \"engines\": {\n        \"node\": \">=6.0\"\n      },\n      \"peerDependenciesMeta\": {\n        \"supports-color\": {\n          \"optional\": true\n        }\n      }\n    },"}