{"chunk":44,"numChunks":252,"fileHash":"uosZxi4dBSfu8Vg45yRueuIDfDVG+VKDRJUui7BOpAw=","filePath":"package-lock.json","content":"{\n  \"packages\": {\n    \"node_modules/@swc/core-linux-arm64-musl\": {\n      \"version\": \"1.13.5\",\n      \"resolved\": \"https://registry.npmjs.org/@swc/core-linux-arm64-musl/-/core-linux-arm64-musl-1.13.5.tgz\",\n      \"integrity\": \"sha512-9+ZxFN5GJag4CnYnq6apKTnnezpfJhCumyz0504/JbHLo+Ue+ZtJnf3RhyA9W9TINtLE0bC4hKpWi8ZKoETyOQ==\",\n      \"cpu\": [\n        \"arm64\"\n      ],\n      \"dev\": true,\n      \"license\": \"Apache-2.0 AND MIT\",\n      \"optional\": true,\n      \"os\": [\n        \"linux\"\n      ],\n      \"engines\": {\n        \"node\": \">=10\"\n      }\n    },"}