{"chunk":245,"numChunks":252,"fileHash":"uosZxi4dBSfu8Vg45yRueuIDfDVG+VKDRJUui7BOpAw=","filePath":"package-lock.json","content":"{\n  \"packages\": {\n    \"node_modules/unist-util-visit-parents\": {\n      \"version\": \"6.0.2\",\n      \"resolved\": \"https://registry.npmjs.org/unist-util-visit-parents/-/unist-util-visit-parents-6.0.2.tgz\",\n      \"integrity\": \"sha512-goh1s1TBrqSqukSc8wrjwWhL0hiJxgA8m4kFxGlQ+8FYQ3C/m11FcTs4YYem7V664AhHVvgoQLk890Ssdsr2IQ==\",\n      \"license\": \"MIT\",\n      \"dependencies\": {\n        \"@types/unist\": \"^3.0.0\",\n        \"unist-util-is\": \"^6.0.0\"\n      },\n      \"funding\": {\n        \"type\": \"opencollective\",\n        \"url\": \"https://opencollective.com/unified\"\n      }\n    },\n    \"node_modules/uri-js\": {\n      \"version\": \"4.4.1\",\n      \"resolved\": \"https://registry.npmjs.org/uri-js/-/uri-js-4.4.1.tgz\",\n      \"integrity\": \"sha512-7rKUyy33Q1yc98pQ1DAmLtwX109F7TIfWlW1Ydo8Wl1ii1SeHieeh0HHfPeL2fMXK6z0s8ecKs9frCuLJvndBg==\",\n      \"dev\": true,\n      \"license\": \"BSD-2-Clause\",\n      \"dependencies\": {\n        \"punycode\": \"^2.1.0\"\n      }\n    },"}