{"chunk":12,"numChunks":252,"fileHash":"uosZxi4dBSfu8Vg45yRueuIDfDVG+VKDRJUui7BOpAw=","filePath":"package-lock.json","content":"{\n  \"packages\": {\n    \"node_modules/@esbuild/netbsd-x64\": {\n      \"version\": \"0.25.11\",\n      \"resolved\": \"https://registry.npmjs.org/@esbuild/netbsd-x64/-/netbsd-x64-0.25.11.tgz\",\n      \"integrity\": \"sha512-u7tKA+qbzBydyj0vgpu+5h5AeudxOAGncb8N6C9Kh1N4n7wU1Xw1JDApsRjpShRpXRQlJLb9wY28ELpwdPcZ7A==\",\n      \"cpu\": [\n        \"x64\"\n      ],\n      \"dev\": true,\n      \"license\": \"MIT\",\n      \"optional\": true,\n      \"os\": [\n        \"netbsd\"\n      ],\n      \"engines\": {\n        \"node\": \">=18\"\n      }\n    },\n    \"node_modules/@esbuild/openbsd-arm64\": {\n      \"version\": \"0.25.11\",\n      \"resolved\": \"https://registry.npmjs.org/@esbuild/openbsd-arm64/-/openbsd-arm64-0.25.11.tgz\",\n      \"integrity\": \"sha512-Qq6YHhayieor3DxFOoYM1q0q1uMFYb7cSpLD2qzDSvK1NAvqFi8Xgivv0cFC6J+hWVw2teCYltyy9/m/14ryHg==\",\n      \"cpu\": [\n        \"arm64\"\n      ],\n      \"dev\": true,\n      \"license\": \"MIT\",\n      \"optional\": true,\n      \"os\": [\n        \"openbsd\"\n      ],\n      \"engines\": {\n        \"node\": \">=18\"\n      }\n    },"}