{"chunk":221,"numChunks":252,"fileHash":"uosZxi4dBSfu8Vg45yRueuIDfDVG+VKDRJUui7BOpAw=","filePath":"package-lock.json","content":"{\n  \"packages\": {\n    \"node_modules/remark-math\": {\n      \"version\": \"6.0.0\",\n      \"resolved\": \"https://registry.npmjs.org/remark-math/-/remark-math-6.0.0.tgz\",\n      \"integrity\": \"sha512-MMqgnP74Igy+S3WwnhQ7kqGlEerTETXMvJhrUzDikVZ2/uogJCb+WHUg97hK9/jcfc0dkD73s3LN8zU49cTEtA==\",\n      \"license\": \"MIT\",\n      \"dependencies\": {\n        \"@types/mdast\": \"^4.0.0\",\n        \"mdast-util-math\": \"^3.0.0\",\n        \"micromark-extension-math\": \"^3.0.0\",\n        \"unified\": \"^11.0.0\"\n      },\n      \"funding\": {\n        \"type\": \"opencollective\",\n        \"url\": \"https://opencollective.com/unified\"\n      }\n    },"}