{"chunk":49,"numChunks":252,"fileHash":"uosZxi4dBSfu8Vg45yRueuIDfDVG+VKDRJUui7BOpAw=","filePath":"package-lock.json","content":"{\n  \"packages\": {\n    \"node_modules/@swc/core-win32-x64-msvc\": {\n      \"version\": \"1.13.5\",\n      \"resolved\": \"https://registry.npmjs.org/@swc/core-win32-x64-msvc/-/core-win32-x64-msvc-1.13.5.tgz\",\n      \"integrity\": \"sha512-YrKdMVxbYmlfybCSbRtrilc6UA8GF5aPmGKBdPvjrarvsmf4i7ZHGCEnLtfOMd3Lwbs2WUZq3WdMbozYeLU93Q==\",\n      \"cpu\": [\n        \"x64\"\n      ],\n      \"dev\": true,\n      \"license\": \"Apache-2.0 AND MIT\",\n      \"optional\": true,\n      \"os\": [\n        \"win32\"\n      ],\n      \"engines\": {\n        \"node\": \">=10\"\n      }\n    },\n    \"node_modules/@swc/counter\": {\n      \"version\": \"0.1.3\",\n      \"resolved\": \"https://registry.npmjs.org/@swc/counter/-/counter-0.1.3.tgz\",\n      \"integrity\": \"sha512-e2BR4lsJkkRlKZ/qCHPw9ZaSxc0MVUd7gtbtaB7aMvHeJVYe8sOB8DBZkP2DtISHGSku9sCK6T6cnY0CtXrOCQ==\",\n      \"dev\": true,\n      \"license\": \"Apache-2.0\"\n    },"}