{"chunk":132,"numChunks":252,"fileHash":"uosZxi4dBSfu8Vg45yRueuIDfDVG+VKDRJUui7BOpAw=","filePath":"package-lock.json","content":"{\n  \"packages\": {\n    \"node_modules/inline-style-parser\": {\n      \"version\": \"0.2.6\",\n      \"resolved\": \"https://registry.npmjs.org/inline-style-parser/-/inline-style-parser-0.2.6.tgz\",\n      \"integrity\": \"sha512-gtGXVaBdl5mAes3rPcMedEBm12ibjt1kDMFfheul1wUAOVEJW60voNdMVzVkfLN06O7ZaD/rxhfKgtlgtTbMjg==\",\n      \"license\": \"MIT\"\n    },\n    \"node_modules/is-alphabetical\": {\n      \"version\": \"2.0.1\",\n      \"resolved\": \"https://registry.npmjs.org/is-alphabetical/-/is-alphabetical-2.0.1.tgz\",\n      \"integrity\": \"sha512-FWyyY60MeTNyeSRpkM2Iry0G9hpr7/9kD40mD/cGQEuilcZYS4okz8SN2Q6rLCJ8gbCt6fN+rC+6tMGS99LaxQ==\",\n      \"license\": \"MIT\",\n      \"funding\": {\n        \"type\": \"github\",\n        \"url\": \"https://github.com/sponsors/wooorm\"\n      }\n    },"}