{"chunk":111,"numChunks":252,"fileHash":"uosZxi4dBSfu8Vg45yRueuIDfDVG+VKDRJUui7BOpAw=","filePath":"package-lock.json","content":"{\n  \"packages\": {\n    \"node_modules/follow-redirects\": {\n      \"version\": \"1.15.11\",\n      \"resolved\": \"https://registry.npmjs.org/follow-redirects/-/follow-redirects-1.15.11.tgz\",\n      \"integrity\": \"sha512-deG2P0JfjrTxl50XGCDyfI97ZGVCxIpfKYmfyrQ54n5FO/0gfIES8C/Psl6kWVDolizcaaxZJnTS0QSMxvnsBQ==\",\n      \"funding\": [\n        {\n          \"type\": \"individual\",\n          \"url\": \"https://github.com/sponsors/RubenVerborgh\"\n        }\n      ],\n      \"license\": \"MIT\",\n      \"engines\": {\n        \"node\": \">=4.0\"\n      },\n      \"peerDependenciesMeta\": {\n        \"debug\": {\n          \"optional\": true\n        }\n      }\n    },"}