{"chunk":177,"numChunks":252,"fileHash":"uosZxi4dBSfu8Vg45yRueuIDfDVG+VKDRJUui7BOpAw=","filePath":"package-lock.json","content":"{\n  \"packages\": {\n    \"node_modules/micromark-factory-destination\": {\n      \"version\": \"2.0.1\",\n      \"resolved\": \"https://registry.npmjs.org/micromark-factory-destination/-/micromark-factory-destination-2.0.1.tgz\",\n      \"integrity\": \"sha512-Xe6rDdJlkmbFRExpTOmRj9N3MaWmbAgdpSrBQvCFqhezUn4AHqJHbaEnfbVYYiexVSs//tqOdY/DxhjdCiJnIA==\",\n      \"funding\": [\n        {\n          \"type\": \"GitHub Sponsors\",\n          \"url\": \"https://github.com/sponsors/unifiedjs\"\n        },\n        {\n          \"type\": \"OpenCollective\",\n          \"url\": \"https://opencollective.com/unified\"\n        }\n      ],\n      \"license\": \"MIT\",\n      \"dependencies\": {\n        \"micromark-util-character\": \"^2.0.0\",\n        \"micromark-util-symbol\": \"^2.0.0\",\n        \"micromark-util-types\": \"^2.0.0\"\n      }\n    },"}