{"chunk":239,"numChunks":252,"fileHash":"uosZxi4dBSfu8Vg45yRueuIDfDVG+VKDRJUui7BOpAw=","filePath":"package-lock.json","content":"{\n  \"packages\": {\n    \"node_modules/trough\": {\n      \"version\": \"2.2.0\",\n      \"resolved\": \"https://registry.npmjs.org/trough/-/trough-2.2.0.tgz\",\n      \"integrity\": \"sha512-tmMpK00BjZiUyVyvrBK7knerNgmgvcV/KLVyuma/SC+TQN167GrMRciANTz09+k3zW8L8t60jWO1GpfkZdjTaw==\",\n      \"license\": \"MIT\",\n      \"funding\": {\n        \"type\": \"github\",\n        \"url\": \"https://github.com/sponsors/wooorm\"\n      }\n    },\n    \"node_modules/type-check\": {\n      \"version\": \"0.4.0\",\n      \"resolved\": \"https://registry.npmjs.org/type-check/-/type-check-0.4.0.tgz\",\n      \"integrity\": \"sha512-XleUoc9uwGXqjWwXaUTZAmzMcFZ5858QA2vvx1Ur5xIcixXIP+8LnFDgRplU30us6teqdlskFfu+ae4K79Ooew==\",\n      \"dev\": true,\n      \"license\": \"MIT\",\n      \"dependencies\": {\n        \"prelude-ls\": \"^1.2.1\"\n      },\n      \"engines\": {\n        \"node\": \">= 0.8.0\"\n      }\n    },"}