{"chunk":30,"numChunks":252,"fileHash":"uosZxi4dBSfu8Vg45yRueuIDfDVG+VKDRJUui7BOpAw=","filePath":"package-lock.json","content":"{\n  \"packages\": {\n    \"node_modules/@rollup/rollup-linux-arm-musleabihf\": {\n      \"version\": \"4.52.5\",\n      \"resolved\": \"https://registry.npmjs.org/@rollup/rollup-linux-arm-musleabihf/-/rollup-linux-arm-musleabihf-4.52.5.tgz\",\n      \"integrity\": \"sha512-Fw4tysRutyQc/wwkmcyoqFtJhh0u31K+Q6jYjeicsGJJ7bbEq8LwPWV/w0cnzOqR2m694/Af6hpFayLJZkG2VQ==\",\n      \"cpu\": [\n        \"arm\"\n      ],\n      \"dev\": true,\n      \"license\": \"MIT\",\n      \"optional\": true,\n      \"os\": [\n        \"linux\"\n      ]\n    },\n    \"node_modules/@rollup/rollup-linux-arm64-gnu\": {\n      \"version\": \"4.52.5\",\n      \"resolved\": \"https://registry.npmjs.org/@rollup/rollup-linux-arm64-gnu/-/rollup-linux-arm64-gnu-4.52.5.tgz\",\n      \"integrity\": \"sha512-a+3wVnAYdQClOTlyapKmyI6BLPAFYs0JM8HRpgYZQO02rMR09ZcV9LbQB+NL6sljzG38869YqThrRnfPMCDtZg==\",\n      \"cpu\": [\n        \"arm64\"\n      ],\n      \"dev\": true,\n      \"license\": \"MIT\",\n      \"optional\": true,\n      \"os\": [\n        \"linux\"\n      ]\n    },"}