{"chunk":6,"numChunks":252,"fileHash":"uosZxi4dBSfu8Vg45yRueuIDfDVG+VKDRJUui7BOpAw=","filePath":"package-lock.json","content":"{\n  \"packages\": {\n    \"node_modules/@esbuild/freebsd-arm64\": {\n      \"version\": \"0.25.11\",\n      \"resolved\": \"https://registry.npmjs.org/@esbuild/freebsd-arm64/-/freebsd-arm64-0.25.11.tgz\",\n      \"integrity\": \"sha512-CmKjrnayyTJF2eVuO//uSjl/K3KsMIeYeyN7FyDBjsR3lnSJHaXlVoAK8DZa7lXWChbuOk7NjAc7ygAwrnPBhA==\",\n      \"cpu\": [\n        \"arm64\"\n      ],\n      \"dev\": true,\n      \"license\": \"MIT\",\n      \"optional\": true,\n      \"os\": [\n        \"freebsd\"\n      ],\n      \"engines\": {\n        \"node\": \">=18\"\n      }\n    },\n    \"node_modules/@esbuild/freebsd-x64\": {\n      \"version\": \"0.25.11\",\n      \"resolved\": \"https://registry.npmjs.org/@esbuild/freebsd-x64/-/freebsd-x64-0.25.11.tgz\",\n      \"integrity\": \"sha512-Dyq+5oscTJvMaYPvW3x3FLpi2+gSZTCE/1ffdwuM6G1ARang/mb3jvjxs0mw6n3Lsw84ocfo9CrNMqc5lTfGOw==\",\n      \"cpu\": [\n        \"x64\"\n      ],\n      \"dev\": true,\n      \"license\": \"MIT\",\n      \"optional\": true,\n      \"os\": [\n        \"freebsd\"\n      ],\n      \"engines\": {\n        \"node\": \">=18\"\n      }\n    },"}