{"chunk":218,"numChunks":252,"fileHash":"uosZxi4dBSfu8Vg45yRueuIDfDVG+VKDRJUui7BOpAw=","filePath":"package-lock.json","content":"{\n  \"packages\": {\n    \"node_modules/regexp.prototype.flags\": {\n      \"version\": \"1.5.4\",\n      \"resolved\": \"https://registry.npmjs.org/regexp.prototype.flags/-/regexp.prototype.flags-1.5.4.tgz\",\n      \"integrity\": \"sha512-dYqgNSZbDwkaJ2ceRd9ojCGjBq+mOm9LmtXnAnEGyHhN/5R7iDW2TRw3h+o/jCFxus3P2LfWIIiwowAjANm7IA==\",\n      \"license\": \"MIT\",\n      \"dependencies\": {\n        \"call-bind\": \"^1.0.8\",\n        \"define-properties\": \"^1.2.1\",\n        \"es-errors\": \"^1.3.0\",\n        \"get-proto\": \"^1.0.1\",\n        \"gopd\": \"^1.2.0\",\n        \"set-function-name\": \"^2.0.2\"\n      },\n      \"engines\": {\n        \"node\": \">= 0.4\"\n      },\n      \"funding\": {\n        \"url\": \"https://github.com/sponsors/ljharb\"\n      }\n    },"}