{"chunk":124,"numChunks":252,"fileHash":"uosZxi4dBSfu8Vg45yRueuIDfDVG+VKDRJUui7BOpAw=","filePath":"package-lock.json","content":"{\n  \"packages\": {\n    \"node_modules/hast-util-is-element\": {\n      \"version\": \"3.0.0\",\n      \"resolved\": \"https://registry.npmjs.org/hast-util-is-element/-/hast-util-is-element-3.0.0.tgz\",\n      \"integrity\": \"sha512-Val9mnv2IWpLbNPqc/pUem+a7Ipj2aHacCwgNfTiK0vJKl0LF+4Ba4+v1oPHFpf3bLYmreq0/l3Gud9S5OH42g==\",\n      \"license\": \"MIT\",\n      \"dependencies\": {\n        \"@types/hast\": \"^3.0.0\"\n      },\n      \"funding\": {\n        \"type\": \"opencollective\",\n        \"url\": \"https://opencollective.com/unified\"\n      }\n    },\n    \"node_modules/hast-util-parse-selector\": {\n      \"version\": \"4.0.0\",\n      \"resolved\": \"https://registry.npmjs.org/hast-util-parse-selector/-/hast-util-parse-selector-4.0.0.tgz\",\n      \"integrity\": \"sha512-wkQCkSYoOGCRKERFWcxMVMOcYE2K1AaNLU8DXS9arxnLOUEWbOXKXiJUNzEpqZ3JOKpnha3jkFrumEjVliDe7A==\",\n      \"license\": \"MIT\",\n      \"dependencies\": {\n        \"@types/hast\": \"^3.0.0\"\n      },\n      \"funding\": {\n        \"type\": \"opencollective\",\n        \"url\": \"https://opencollective.com/unified\"\n      }\n    },"}