{"chunk":169,"numChunks":252,"fileHash":"uosZxi4dBSfu8Vg45yRueuIDfDVG+VKDRJUui7BOpAw=","filePath":"package-lock.json","content":"{\n  \"packages\": {\n    \"node_modules/micromark-extension-gfm\": {\n      \"version\": \"3.0.0\",\n      \"resolved\": \"https://registry.npmjs.org/micromark-extension-gfm/-/micromark-extension-gfm-3.0.0.tgz\",\n      \"integrity\": \"sha512-vsKArQsicm7t0z2GugkCKtZehqUm31oeGBV/KVSorWSy8ZlNAv7ytjFhvaryUiCUJYqs+NoE6AFhpQvBTM6Q4w==\",\n      \"license\": \"MIT\",\n      \"dependencies\": {\n        \"micromark-extension-gfm-autolink-literal\": \"^2.0.0\",\n        \"micromark-extension-gfm-footnote\": \"^2.0.0\",\n        \"micromark-extension-gfm-strikethrough\": \"^2.0.0\",\n        \"micromark-extension-gfm-table\": \"^2.0.0\",\n        \"micromark-extension-gfm-tagfilter\": \"^2.0.0\",\n        \"micromark-extension-gfm-task-list-item\": \"^2.0.0\",\n        \"micromark-util-combine-extensions\": \"^2.0.0\",\n        \"micromark-util-types\": \"^2.0.0\"\n      },\n      \"funding\": {\n        \"type\": \"opencollective\",\n        \"url\": \"https://opencollective.com/unified\"\n      }\n    },"}