{"chunk":13,"numChunks":252,"fileHash":"uosZxi4dBSfu8Vg45yRueuIDfDVG+VKDRJUui7BOpAw=","filePath":"package-lock.json","content":"{\n  \"packages\": {\n    \"node_modules/@esbuild/openbsd-x64\": {\n      \"version\": \"0.25.11\",\n      \"resolved\": \"https://registry.npmjs.org/@esbuild/openbsd-x64/-/openbsd-x64-0.25.11.tgz\",\n      \"integrity\": \"sha512-CN+7c++kkbrckTOz5hrehxWN7uIhFFlmS/hqziSFVWpAzpWrQoAG4chH+nN3Be+Kzv/uuo7zhX716x3Sn2Jduw==\",\n      \"cpu\": [\n        \"x64\"\n      ],\n      \"dev\": true,\n      \"license\": \"MIT\",\n      \"optional\": true,\n      \"os\": [\n        \"openbsd\"\n      ],\n      \"engines\": {\n        \"node\": \">=18\"\n      }\n    },\n    \"node_modules/@esbuild/openharmony-arm64\": {\n      \"version\": \"0.25.11\",\n      \"resolved\": \"https://registry.npmjs.org/@esbuild/openharmony-arm64/-/openharmony-arm64-0.25.11.tgz\",\n      \"integrity\": \"sha512-rOREuNIQgaiR+9QuNkbkxubbp8MSO9rONmwP5nKncnWJ9v5jQ4JxFnLu4zDSRPf3x4u+2VN4pM4RdyIzDty/wQ==\",\n      \"cpu\": [\n        \"arm64\"\n      ],\n      \"dev\": true,\n      \"license\": \"MIT\",\n      \"optional\": true,\n      \"os\": [\n        \"openharmony\"\n      ],\n      \"engines\": {\n        \"node\": \">=18\"\n      }\n    },"}