{"chunk":136,"numChunks":252,"fileHash":"uosZxi4dBSfu8Vg45yRueuIDfDVG+VKDRJUui7BOpAw=","filePath":"package-lock.json","content":"{\n  \"packages\": {\n    \"node_modules/is-extglob\": {\n      \"version\": \"2.1.1\",\n      \"resolved\": \"https://registry.npmjs.org/is-extglob/-/is-extglob-2.1.1.tgz\",\n      \"integrity\": \"sha512-SbKbANkN603Vi4jEZv49LeVJMn4yGwsbzZworEoyEiutsN3nJYdbO36zfhGJ6QEDpOZIFkDtnq5JRxmvl3jsoQ==\",\n      \"dev\": true,\n      \"license\": \"MIT\",\n      \"engines\": {\n        \"node\": \">=0.10.0\"\n      }\n    },\n    \"node_modules/is-glob\": {\n      \"version\": \"4.0.3\",\n      \"resolved\": \"https://registry.npmjs.org/is-glob/-/is-glob-4.0.3.tgz\",\n      \"integrity\": \"sha512-xelSayHH36ZgE7ZWhli7pW34hNbNl8Ojv5KVmkJD4hBdD3th8Tfk9vYasLM+mXWOZhFkgZfxhLSnrwRr4elSSg==\",\n      \"dev\": true,\n      \"license\": \"MIT\",\n      \"dependencies\": {\n        \"is-extglob\": \"^2.1.1\"\n      },\n      \"engines\": {\n        \"node\": \">=0.10.0\"\n      }\n    },"}