{"chunk":235,"numChunks":252,"fileHash":"uosZxi4dBSfu8Vg45yRueuIDfDVG+VKDRJUui7BOpAw=","filePath":"package-lock.json","content":"{\n  \"packages\": {\n    \"node_modules/space-separated-tokens\": {\n      \"version\": \"2.0.2\",\n      \"resolved\": \"https://registry.npmjs.org/space-separated-tokens/-/space-separated-tokens-2.0.2.tgz\",\n      \"integrity\": \"sha512-PEGlAwrG8yXGXRjW32fGbg66JAlOAwbObuqVoJpv/mRgoWDQfgH1wDPvtzWyUSNAXBGSk8h755YDbbcEy3SH2Q==\",\n      \"license\": \"MIT\",\n      \"funding\": {\n        \"type\": \"github\",\n        \"url\": \"https://github.com/sponsors/wooorm\"\n      }\n    },\n    \"node_modules/stringify-entities\": {\n      \"version\": \"4.0.4\",\n      \"resolved\": \"https://registry.npmjs.org/stringify-entities/-/stringify-entities-4.0.4.tgz\",\n      \"integrity\": \"sha512-IwfBptatlO+QCJUo19AqvrPNqlVMpW9YEL2LIVY+Rpv2qsjCGxaDLNRgeGsQWJhfItebuJhsGSLjaBbNSQ+ieg==\",\n      \"license\": \"MIT\",\n      \"dependencies\": {\n        \"character-entities-html4\": \"^2.0.0\",\n        \"character-entities-legacy\": \"^3.0.0\"\n      },\n      \"funding\": {\n        \"type\": \"github\",\n        \"url\": \"https://github.com/sponsors/wooorm\"\n      }\n    },"}