{"chunk":140,"numChunks":252,"fileHash":"uosZxi4dBSfu8Vg45yRueuIDfDVG+VKDRJUui7BOpAw=","filePath":"package-lock.json","content":"{\n  \"packages\": {\n    \"node_modules/json-buffer\": {\n      \"version\": \"3.0.1\",\n      \"resolved\": \"https://registry.npmjs.org/json-buffer/-/json-buffer-3.0.1.tgz\",\n      \"integrity\": \"sha512-4bV5BfR2mqfQTJm+V5tPPdf+ZpuhiIvTuAB5g8kcrXOZpTT/QwwVRWBywX1ozr6lEuPdbHxwaJlm9G6mI2sfSQ==\",\n      \"dev\": true,\n      \"license\": \"MIT\"\n    },\n    \"node_modules/json-schema-traverse\": {\n      \"version\": \"0.4.1\",\n      \"resolved\": \"https://registry.npmjs.org/json-schema-traverse/-/json-schema-traverse-0.4.1.tgz\",\n      \"integrity\": \"sha512-xbbCH5dCYU5T8LcEhhuh7HJ88HXuW3qsI3Y0zOZFKfZEHcpWiHU/Jxzk629Brsab/mMiHQti9wMP+845RPe3Vg==\",\n      \"dev\": true,\n      \"license\": \"MIT\"\n    },"}