{"chunk":223,"numChunks":252,"fileHash":"uosZxi4dBSfu8Vg45yRueuIDfDVG+VKDRJUui7BOpAw=","filePath":"package-lock.json","content":"{\n  \"packages\": {\n    \"node_modules/remark-rehype\": {\n      \"version\": \"11.1.2\",\n      \"resolved\": \"https://registry.npmjs.org/remark-rehype/-/remark-rehype-11.1.2.tgz\",\n      \"integrity\": \"sha512-Dh7l57ianaEoIpzbp0PC9UKAdCSVklD8E5Rpw7ETfbTl3FqcOOgq5q2LVDhgGCkaBv7p24JXikPdvhhmHvKMsw==\",\n      \"license\": \"MIT\",\n      \"dependencies\": {\n        \"@types/hast\": \"^3.0.0\",\n        \"@types/mdast\": \"^4.0.0\",\n        \"mdast-util-to-hast\": \"^13.0.0\",\n        \"unified\": \"^11.0.0\",\n        \"vfile\": \"^6.0.0\"\n      },\n      \"funding\": {\n        \"type\": \"opencollective\",\n        \"url\": \"https://opencollective.com/unified\"\n      }\n    },"}