{"chunk":43,"numChunks":252,"fileHash":"uosZxi4dBSfu8Vg45yRueuIDfDVG+VKDRJUui7BOpAw=","filePath":"package-lock.json","content":"{\n  \"packages\": {\n    \"node_modules/@swc/core-linux-arm64-gnu\": {\n      \"version\": \"1.13.5\",\n      \"resolved\": \"https://registry.npmjs.org/@swc/core-linux-arm64-gnu/-/core-linux-arm64-gnu-1.13.5.tgz\",\n      \"integrity\": \"sha512-aNDfeN+9af+y+M2MYfxCzCy/VDq7Z5YIbMqRI739o8Ganz6ST+27kjQFd8Y/57JN/hcnUEa9xqdS3XY7WaVtSw==\",\n      \"cpu\": [\n        \"arm64\"\n      ],\n      \"dev\": true,\n      \"license\": \"Apache-2.0 AND MIT\",\n      \"optional\": true,\n      \"os\": [\n        \"linux\"\n      ],\n      \"engines\": {\n        \"node\": \">=10\"\n      }\n    },"}