{"chunk":27,"numChunks":252,"fileHash":"uosZxi4dBSfu8Vg45yRueuIDfDVG+VKDRJUui7BOpAw=","filePath":"package-lock.json","content":"{\n  \"packages\": {\n    \"node_modules/@rollup/rollup-android-arm64\": {\n      \"version\": \"4.52.5\",\n      \"resolved\": \"https://registry.npmjs.org/@rollup/rollup-android-arm64/-/rollup-android-arm64-4.52.5.tgz\",\n      \"integrity\": \"sha512-mQGfsIEFcu21mvqkEKKu2dYmtuSZOBMmAl5CFlPGLY94Vlcm+zWApK7F/eocsNzp8tKmbeBP8yXyAbx0XHsFNA==\",\n      \"cpu\": [\n        \"arm64\"\n      ],\n      \"dev\": true,\n      \"license\": \"MIT\",\n      \"optional\": true,\n      \"os\": [\n        \"android\"\n      ]\n    },\n    \"node_modules/@rollup/rollup-darwin-arm64\": {\n      \"version\": \"4.52.5\",\n      \"resolved\": \"https://registry.npmjs.org/@rollup/rollup-darwin-arm64/-/rollup-darwin-arm64-4.52.5.tgz\",\n      \"integrity\": \"sha512-takF3CR71mCAGA+v794QUZ0b6ZSrgJkArC+gUiG6LB6TQty9T0Mqh3m2ImRBOxS2IeYBo4lKWIieSvnEk2OQWA==\",\n      \"cpu\": [\n        \"arm64\"\n      ],\n      \"dev\": true,\n      \"license\": \"MIT\",\n      \"optional\": true,\n      \"os\": [\n        \"darwin\"\n      ]\n    },"}