{"chunk":181,"numChunks":252,"fileHash":"uosZxi4dBSfu8Vg45yRueuIDfDVG+VKDRJUui7BOpAw=","filePath":"package-lock.json","content":"{\n  \"packages\": {\n    \"node_modules/micromark-factory-whitespace\": {\n      \"version\": \"2.0.1\",\n      \"resolved\": \"https://registry.npmjs.org/micromark-factory-whitespace/-/micromark-factory-whitespace-2.0.1.tgz\",\n      \"integrity\": \"sha512-Ob0nuZ3PKt/n0hORHyvoD9uZhr+Za8sFoP+OnMcnWK5lngSzALgQYKMr9RJVOWLqQYuyn6ulqGWSXdwf6F80lQ==\",\n      \"funding\": [\n        {\n          \"type\": \"GitHub Sponsors\",\n          \"url\": \"https://github.com/sponsors/unifiedjs\"\n        },\n        {\n          \"type\": \"OpenCollective\",\n          \"url\": \"https://opencollective.com/unified\"\n        }\n      ],\n      \"license\": \"MIT\",\n      \"dependencies\": {\n        \"micromark-factory-space\": \"^2.0.0\",\n        \"micromark-util-character\": \"^2.0.0\",\n        \"micromark-util-symbol\": \"^2.0.0\",\n        \"micromark-util-types\": \"^2.0.0\"\n      }\n    },"}