{"chunk":191,"numChunks":252,"fileHash":"uosZxi4dBSfu8Vg45yRueuIDfDVG+VKDRJUui7BOpAw=","filePath":"package-lock.json","content":"{\n  \"packages\": {\n    \"node_modules/micromark-util-resolve-all\": {\n      \"version\": \"2.0.1\",\n      \"resolved\": \"https://registry.npmjs.org/micromark-util-resolve-all/-/micromark-util-resolve-all-2.0.1.tgz\",\n      \"integrity\": \"sha512-VdQyxFWFT2/FGJgwQnJYbe1jjQoNTS4RjglmSjTUlpUMa95Htx9NHeYW4rGDJzbjvCsl9eLjMQwGeElsqmzcHg==\",\n      \"funding\": [\n        {\n          \"type\": \"GitHub Sponsors\",\n          \"url\": \"https://github.com/sponsors/unifiedjs\"\n        },\n        {\n          \"type\": \"OpenCollective\",\n          \"url\": \"https://opencollective.com/unified\"\n        }\n      ],\n      \"license\": \"MIT\",\n      \"dependencies\": {\n        \"micromark-util-types\": \"^2.0.0\"\n      }\n    },"}