{"chunk":112,"numChunks":252,"fileHash":"uosZxi4dBSfu8Vg45yRueuIDfDVG+VKDRJUui7BOpAw=","filePath":"package-lock.json","content":"{\n  \"packages\": {\n    \"node_modules/form-data\": {\n      \"version\": \"4.0.4\",\n      \"resolved\": \"https://registry.npmjs.org/form-data/-/form-data-4.0.4.tgz\",\n      \"integrity\": \"sha512-KrGhL9Q4zjj0kiUt5OO4Mr/A/jlI2jDYs5eHBpYHPcBEVSiipAvn2Ko2HnPe20rmcuuvMHNdZFp+4IlGTMF0Ow==\",\n      \"license\": \"MIT\",\n      \"dependencies\": {\n        \"asynckit\": \"^0.4.0\",\n        \"combined-stream\": \"^1.0.8\",\n        \"es-set-tostringtag\": \"^2.1.0\",\n        \"hasown\": \"^2.0.2\",\n        \"mime-types\": \"^2.1.12\"\n      },\n      \"engines\": {\n        \"node\": \">= 6\"\n      }\n    },"}