{"chunk":0,"numChunks":2,"fileHash":"SnSK/UQ5GLsWWRyDTEAdrjPoeGGrXbrQgRw6O0qSFPs=","filePath":"public/vite.svg","content":"<svg xmlns=\"http://www.w3.org/2000/svg\" xmlns:xlink=\"http://www.w3.org/1999/xlink\" aria-hidden=\"true\" role=\"img\" class=\"iconify iconify--logos\" width=\"31.88\" height=\"32\" preserveAspectRatio=\"xMidYMid meet\" viewBox=\"0 0 256 257\"><defs><linearGradient id=\"IconifyId1813088fe1fbc01fb466\" x1=\"-.828%\" x2=\"57.636%\" y1=\"7.652%\" y2=\"78.411%\"><stop offset=\"0%\" stop-color=\"#41D1FF\"></stop><stop offset=\"100%\" stop-color=\"#BD34FE\"></stop></linearGradient><linearGradient id=\"IconifyId1813088fe1fbc01fb467\" x1=\"43.376%\" x2=\"50.316%\" y1=\"2.242%\" y2=\"89.03%\"><stop offset=\"0%\" stop-color=\"#FFEA83\"></stop><stop offset=\"8.333%\" stop-color=\"#FFDD35\"></stop><stop offset=\"100%\" stop-color=\"#FFA800\"></stop></linearGradient></defs><path fill=\"url(#IconifyId1813088fe1fbc01fb466)\" d=\"M255.153 37.938L134.897 252.976c-2.483 4.44-8.862 4.466-11.382.048L.875 37.958c-2.746-4.814 1.371-10.646 6.827-9.67l120.385 21.517a6.537 6.537 0 0 0 2.322-.004l117.867-21.483c5.438-.991 9.574 4.796 6.877 "}