{"chunk":0,"numChunks":1,"fileHash":"MMzL8unWRHmujK2G5GC3J9w3iNe8RDj7rRObDjXexAA=","filePath":"src/components/ProtectedRoute.jsx","content":"// src/components/ProtectedRoute.jsx\r\nimport { useAuth } from '../context/useAuth'; // 引入useAuth\r\nimport { Navigate, Outlet } from 'react-router-dom';\r\n\r\nfunction ProtectedRoute() {\r\n    const { token } = useAuth(); // 从全局状态获取token\r\n\r\n    // 如果没有token，重定向到登录页\r\n    if (!token) {\r\n        return <Navigate to=\"/login\" replace />; \r\n        // replace: 替换当前历史记录，用户点后退不会回到受保护的页面\r\n    }\r\n\r\n    // 如果有token，正常渲染子路由（通过Outlet）\r\n    return <Outlet />;\r\n}\r\nexport default ProtectedRoute;\r\n"}