{"chunk":237,"numChunks":252,"fileHash":"uosZxi4dBSfu8Vg45yRueuIDfDVG+VKDRJUui7BOpAw=","filePath":"package-lock.json","content":"{\n  \"packages\": {\n    \"node_modules/style-to-object\": {\n      \"version\": \"1.0.12\",\n      \"resolved\": \"https://registry.npmjs.org/style-to-object/-/style-to-object-1.0.12.tgz\",\n      \"integrity\": \"sha512-ddJqYnoT4t97QvN2C95bCgt+m7AAgXjVnkk/jxAfmp7EAB8nnqqZYEbMd3em7/vEomDb2LAQKAy1RFfv41mdNw==\",\n      \"license\": \"MIT\",\n      \"dependencies\": {\n        \"inline-style-parser\": \"0.2.6\"\n      }\n    },\n    \"node_modules/supports-color\": {\n      \"version\": \"7.2.0\",\n      \"resolved\": \"https://registry.npmjs.org/supports-color/-/supports-color-7.2.0.tgz\",\n      \"integrity\": \"sha512-qpCAvRl9stuOHveKsn7HncJRvv501qIacKzQlO/+Lwxc9+0q2wLyv4Dfvt80/DPn2pqOBsJdDiogXGR9+OvwRw==\",\n      \"dev\": true,\n      \"license\": \"MIT\",\n      \"dependencies\": {\n        \"has-flag\": \"^4.0.0\"\n      },\n      \"engines\": {\n        \"node\": \">=8\"\n      }\n    },"}