{"chunk":110,"numChunks":252,"fileHash":"uosZxi4dBSfu8Vg45yRueuIDfDVG+VKDRJUui7BOpAw=","filePath":"package-lock.json","content":"{\n  \"packages\": {\n    \"node_modules/flat-cache\": {\n      \"version\": \"4.0.1\",\n      \"resolved\": \"https://registry.npmjs.org/flat-cache/-/flat-cache-4.0.1.tgz\",\n      \"integrity\": \"sha512-f7ccFPK3SXFHpx15UIGyRJ/FJQctuKZ0zVuN3frBo4HnK3cay9VEW0R6yPYFHC0AgqhukPzKjq22t5DmAyqGyw==\",\n      \"dev\": true,\n      \"license\": \"MIT\",\n      \"dependencies\": {\n        \"flatted\": \"^3.2.9\",\n        \"keyv\": \"^4.5.4\"\n      },\n      \"engines\": {\n        \"node\": \">=16\"\n      }\n    },\n    \"node_modules/flatted\": {\n      \"version\": \"3.3.3\",\n      \"resolved\": \"https://registry.npmjs.org/flatted/-/flatted-3.3.3.tgz\",\n      \"integrity\": \"sha512-GX+ysw4PBCz0PzosHDepZGANEuFCMLrnRTiEy9McGjmkCQYwRq4A/X786G/fjM/+OjsWSU1ZrY5qyARZmO/uwg==\",\n      \"dev\": true,\n      \"license\": \"ISC\"\n    },"}