{"chunk":20,"numChunks":252,"fileHash":"uosZxi4dBSfu8Vg45yRueuIDfDVG+VKDRJUui7BOpAw=","filePath":"package-lock.json","content":"{\n  \"packages\": {\n    \"node_modules/@eslint/eslintrc\": {\n      \"version\": \"3.3.1\",\n      \"resolved\": \"https://registry.npmjs.org/@eslint/eslintrc/-/eslintrc-3.3.1.tgz\",\n      \"integrity\": \"sha512-gtF186CXhIl1p4pJNGZw8Yc6RlshoePRvE0X91oPGb3vZ8pM3qOS9W9NGPat9LziaBV7XrJWGylNQXkGcnM3IQ==\",\n      \"dev\": true,\n      \"license\": \"MIT\",\n      \"dependencies\": {\n        \"ajv\": \"^6.12.4\",\n        \"debug\": \"^4.3.2\",\n        \"espree\": \"^10.0.1\",\n        \"globals\": \"^14.0.0\",\n        \"ignore\": \"^5.2.0\",\n        \"import-fresh\": \"^3.2.1\",\n        \"js-yaml\": \"^4.1.0\",\n        \"minimatch\": \"^3.1.2\",\n        \"strip-json-comments\": \"^3.1.1\"\n      },\n      \"engines\": {\n        \"node\": \"^18.18.0 || ^20.9.0 || >=21.1.0\"\n      },\n      \"funding\": {\n        \"url\": \"https://opencollective.com/eslint\"\n      }\n    },"}