{"chunk":62,"numChunks":252,"fileHash":"uosZxi4dBSfu8Vg45yRueuIDfDVG+VKDRJUui7BOpAw=","filePath":"package-lock.json","content":"{\n  \"packages\": {\n    \"node_modules/bail\": {\n      \"version\": \"2.0.2\",\n      \"resolved\": \"https://registry.npmjs.org/bail/-/bail-2.0.2.tgz\",\n      \"integrity\": \"sha512-0xO6mYd7JB2YesxDKplafRpsiOzPt9V02ddPCLbY1xYGPOX24NTyN50qnUxgCPcSoYMhKpAuBTjQoRZCAkUDRw==\",\n      \"license\": \"MIT\",\n      \"funding\": {\n        \"type\": \"github\",\n        \"url\": \"https://github.com/sponsors/wooorm\"\n      }\n    },\n    \"node_modules/balanced-match\": {\n      \"version\": \"1.0.2\",\n      \"resolved\": \"https://registry.npmjs.org/balanced-match/-/balanced-match-1.0.2.tgz\",\n      \"integrity\": \"sha512-3oSeUO0TMV67hN1AmbXsK4yaqU7tjiHlbxRDZOpH0KW9+CeX4bRAaX0Anxt0tx2MrpRpWwQaPwIlISEJhYU5Pw==\",\n      \"dev\": true,\n      \"license\": \"MIT\"\n    },"}