{"chunk":187,"numChunks":252,"fileHash":"uosZxi4dBSfu8Vg45yRueuIDfDVG+VKDRJUui7BOpAw=","filePath":"package-lock.json","content":"{\n  \"packages\": {\n    \"node_modules/micromark-util-decode-string\": {\n      \"version\": \"2.0.1\",\n      \"resolved\": \"https://registry.npmjs.org/micromark-util-decode-string/-/micromark-util-decode-string-2.0.1.tgz\",\n      \"integrity\": \"sha512-nDV/77Fj6eH1ynwscYTOsbK7rR//Uj0bZXBwJZRfaLEJ1iGBR6kIfNmlNqaqJf649EP0F3NWNdeJi03elllNUQ==\",\n      \"funding\": [\n        {\n          \"type\": \"GitHub Sponsors\",\n          \"url\": \"https://github.com/sponsors/unifiedjs\"\n        },\n        {\n          \"type\": \"OpenCollective\",\n          \"url\": \"https://opencollective.com/unified\"\n        }\n      ],\n      \"license\": \"MIT\",\n      \"dependencies\": {\n        \"decode-named-character-reference\": \"^1.0.0\",\n        \"micromark-util-character\": \"^2.0.0\",\n        \"micromark-util-decode-numeric-character-reference\": \"^2.0.0\",\n        \"micromark-util-symbol\": \"^2.0.0\"\n      }\n    },"}