{"chunk":151,"numChunks":252,"fileHash":"uosZxi4dBSfu8Vg45yRueuIDfDVG+VKDRJUui7BOpAw=","filePath":"package-lock.json","content":"{\n  \"packages\": {\n    \"node_modules/mdast-util-gfm-footnote\": {\n      \"version\": \"2.1.0\",\n      \"resolved\": \"https://registry.npmjs.org/mdast-util-gfm-footnote/-/mdast-util-gfm-footnote-2.1.0.tgz\",\n      \"integrity\": \"sha512-sqpDWlsHn7Ac9GNZQMeUzPQSMzR6Wv0WKRNvQRg0KqHh02fpTz69Qc1QSseNX29bhz1ROIyNyxExfawVKTm1GQ==\",\n      \"license\": \"MIT\",\n      \"dependencies\": {\n        \"@types/mdast\": \"^4.0.0\",\n        \"devlop\": \"^1.1.0\",\n        \"mdast-util-from-markdown\": \"^2.0.0\",\n        \"mdast-util-to-markdown\": \"^2.0.0\",\n        \"micromark-util-normalize-identifier\": \"^2.0.0\"\n      },\n      \"funding\": {\n        \"type\": \"opencollective\",\n        \"url\": \"https://opencollective.com/unified\"\n      }\n    },"}