{"chunk":55,"numChunks":252,"fileHash":"uosZxi4dBSfu8Vg45yRueuIDfDVG+VKDRJUui7BOpAw=","filePath":"package-lock.json","content":"{\n  \"packages\": {\n    \"node_modules/@types/react\": {\n      \"version\": \"19.2.2\",\n      \"resolved\": \"https://registry.npmjs.org/@types/react/-/react-19.2.2.tgz\",\n      \"integrity\": \"sha512-6mDvHUFSjyT2B2yeNx2nUgMxh9LtOWvkhIU3uePn2I2oyNymUAX1NIsdgviM4CH+JSrp2D2hsMvJOkxY+0wNRA==\",\n      \"license\": \"MIT\",\n      \"dependencies\": {\n        \"csstype\": \"^3.0.2\"\n      }\n    },\n    \"node_modules/@types/react-dom\": {\n      \"version\": \"19.2.2\",\n      \"resolved\": \"https://registry.npmjs.org/@types/react-dom/-/react-dom-19.2.2.tgz\",\n      \"integrity\": \"sha512-9KQPoO6mZCi7jcIStSnlOWn2nEF3mNmyr3rIAsGnAbQKYbRLyqmeSc39EVgtxXVia+LMT8j3knZLAZAh+xLmrw==\",\n      \"dev\": true,\n      \"license\": \"MIT\",\n      \"peerDependencies\": {\n        \"@types/react\": \"^19.2.0\"\n      }\n    },"}