{"chunk":134,"numChunks":252,"fileHash":"uosZxi4dBSfu8Vg45yRueuIDfDVG+VKDRJUui7BOpAw=","filePath":"package-lock.json","content":"{\n  \"packages\": {\n    \"node_modules/is-arguments\": {\n      \"version\": \"1.2.0\",\n      \"resolved\": \"https://registry.npmjs.org/is-arguments/-/is-arguments-1.2.0.tgz\",\n      \"integrity\": \"sha512-7bVbi0huj/wrIAOzb8U1aszg9kdi3KN/CyU19CTI7tAoZYEZoL9yCDXpbXN+uPsuWnP02cyug1gleqq+TU+YCA==\",\n      \"license\": \"MIT\",\n      \"dependencies\": {\n        \"call-bound\": \"^1.0.2\",\n        \"has-tostringtag\": \"^1.0.2\"\n      },\n      \"engines\": {\n        \"node\": \">= 0.4\"\n      },\n      \"funding\": {\n        \"url\": \"https://github.com/sponsors/ljharb\"\n      }\n    },"}