{"chunk":121,"numChunks":252,"fileHash":"uosZxi4dBSfu8Vg45yRueuIDfDVG+VKDRJUui7BOpAw=","filePath":"package-lock.json","content":"{\n  \"packages\": {\n    \"node_modules/hast-util-from-html\": {\n      \"version\": \"2.0.3\",\n      \"resolved\": \"https://registry.npmjs.org/hast-util-from-html/-/hast-util-from-html-2.0.3.tgz\",\n      \"integrity\": \"sha512-CUSRHXyKjzHov8yKsQjGOElXy/3EKpyX56ELnkHH34vDVw1N1XSQ1ZcAvTyAPtGqLTuKP/uxM+aLkSPqF/EtMw==\",\n      \"license\": \"MIT\",\n      \"dependencies\": {\n        \"@types/hast\": \"^3.0.0\",\n        \"devlop\": \"^1.1.0\",\n        \"hast-util-from-parse5\": \"^8.0.0\",\n        \"parse5\": \"^7.0.0\",\n        \"vfile\": \"^6.0.0\",\n        \"vfile-message\": \"^4.0.0\"\n      },\n      \"funding\": {\n        \"type\": \"opencollective\",\n        \"url\": \"https://opencollective.com/unified\"\n      }\n    },"}