{"chunk":83,"numChunks":252,"fileHash":"uosZxi4dBSfu8Vg45yRueuIDfDVG+VKDRJUui7BOpAw=","filePath":"package-lock.json","content":"{\n  \"packages\": {\n    \"node_modules/entities\": {\n      \"version\": \"6.0.1\",\n      \"resolved\": \"https://registry.npmjs.org/entities/-/entities-6.0.1.tgz\",\n      \"integrity\": \"sha512-aN97NXWF6AWBTahfVOIrB/NShkzi5H7F9r1s9mD3cDj4Ko5f2qhhVoYMibXF7GlLveb/D2ioWay8lxI97Ven3g==\",\n      \"license\": \"BSD-2-Clause\",\n      \"engines\": {\n        \"node\": \">=0.12\"\n      },\n      \"funding\": {\n        \"url\": \"https://github.com/fb55/entities?sponsor=1\"\n      }\n    },\n    \"node_modules/es-define-property\": {\n      \"version\": \"1.0.1\",\n      \"resolved\": \"https://registry.npmjs.org/es-define-property/-/es-define-property-1.0.1.tgz\",\n      \"integrity\": \"sha512-e3nRfgfUZ4rNGL232gUgX06QNyyez04KdjFrF+LTRoOXmrOgFKDg4BCdsjW8EnT69eqdYGmRpJwiPVYNrCaW3g==\",\n      \"license\": \"MIT\",\n      \"engines\": {\n        \"node\": \">= 0.4\"\n      }\n    },"}