{"chunk":9,"numChunks":252,"fileHash":"uosZxi4dBSfu8Vg45yRueuIDfDVG+VKDRJUui7BOpAw=","filePath":"package-lock.json","content":"{\n  \"packages\": {\n    \"node_modules/@esbuild/linux-mips64el\": {\n      \"version\": \"0.25.11\",\n      \"resolved\": \"https://registry.npmjs.org/@esbuild/linux-mips64el/-/linux-mips64el-0.25.11.tgz\",\n      \"integrity\": \"sha512-Osx1nALUJu4pU43o9OyjSCXokFkFbyzjXb6VhGIJZQ5JZi8ylCQ9/LFagolPsHtgw6himDSyb5ETSfmp4rpiKQ==\",\n      \"cpu\": [\n        \"mips64el\"\n      ],\n      \"dev\": true,\n      \"license\": \"MIT\",\n      \"optional\": true,\n      \"os\": [\n        \"linux\"\n      ],\n      \"engines\": {\n        \"node\": \">=18\"\n      }\n    },\n    \"node_modules/@esbuild/linux-ppc64\": {\n      \"version\": \"0.25.11\",\n      \"resolved\": \"https://registry.npmjs.org/@esbuild/linux-ppc64/-/linux-ppc64-0.25.11.tgz\",\n      \"integrity\": \"sha512-nbLFgsQQEsBa8XSgSTSlrnBSrpoWh7ioFDUmwo158gIm5NNP+17IYmNWzaIzWmgCxq56vfr34xGkOcZ7jX6CPw==\",\n      \"cpu\": [\n        \"ppc64\"\n      ],\n      \"dev\": true,\n      \"license\": \"MIT\",\n      \"optional\": true,\n      \"os\": [\n        \"linux\"\n      ],\n      \"engines\": {\n        \"node\": \">=18\"\n      }\n    },"}