{"chunk":156,"numChunks":252,"fileHash":"uosZxi4dBSfu8Vg45yRueuIDfDVG+VKDRJUui7BOpAw=","filePath":"package-lock.json","content":"{\n  \"packages\": {\n    \"node_modules/mdast-util-mdx-expression\": {\n      \"version\": \"2.0.1\",\n      \"resolved\": \"https://registry.npmjs.org/mdast-util-mdx-expression/-/mdast-util-mdx-expression-2.0.1.tgz\",\n      \"integrity\": \"sha512-J6f+9hUp+ldTZqKRSg7Vw5V6MqjATc+3E4gf3CFNcuZNWD8XdyI6zQ8GqH7f8169MM6P7hMBRDVGnn7oHB9kXQ==\",\n      \"license\": \"MIT\",\n      \"dependencies\": {\n        \"@types/estree-jsx\": \"^1.0.0\",\n        \"@types/hast\": \"^3.0.0\",\n        \"@types/mdast\": \"^4.0.0\",\n        \"devlop\": \"^1.0.0\",\n        \"mdast-util-from-markdown\": \"^2.0.0\",\n        \"mdast-util-to-markdown\": \"^2.0.0\"\n      },\n      \"funding\": {\n        \"type\": \"opencollective\",\n        \"url\": \"https://opencollective.com/unified\"\n      }\n    },"}