{"chunk":173,"numChunks":252,"fileHash":"uosZxi4dBSfu8Vg45yRueuIDfDVG+VKDRJUui7BOpAw=","filePath":"package-lock.json","content":"{\n  \"packages\": {\n    \"node_modules/micromark-extension-gfm-table\": {\n      \"version\": \"2.1.1\",\n      \"resolved\": \"https://registry.npmjs.org/micromark-extension-gfm-table/-/micromark-extension-gfm-table-2.1.1.tgz\",\n      \"integrity\": \"sha512-t2OU/dXXioARrC6yWfJ4hqB7rct14e8f7m0cbI5hUmDyyIlwv5vEtooptH8INkbLzOatzKuVbQmAYcbWoyz6Dg==\",\n      \"license\": \"MIT\",\n      \"dependencies\": {\n        \"devlop\": \"^1.0.0\",\n        \"micromark-factory-space\": \"^2.0.0\",\n        \"micromark-util-character\": \"^2.0.0\",\n        \"micromark-util-symbol\": \"^2.0.0\",\n        \"micromark-util-types\": \"^2.0.0\"\n      },\n      \"funding\": {\n        \"type\": \"opencollective\",\n        \"url\": \"https://opencollective.com/unified\"\n      }\n    },"}