{"chunk":37,"numChunks":252,"fileHash":"uosZxi4dBSfu8Vg45yRueuIDfDVG+VKDRJUui7BOpAw=","filePath":"package-lock.json","content":"{\n  \"packages\": {\n    \"node_modules/@rollup/rollup-win32-x64-msvc\": {\n      \"version\": \"4.52.5\",\n      \"resolved\": \"https://registry.npmjs.org/@rollup/rollup-win32-x64-msvc/-/rollup-win32-x64-msvc-4.52.5.tgz\",\n      \"integrity\": \"sha512-TAcgQh2sSkykPRWLrdyy2AiceMckNf5loITqXxFI5VuQjS5tSuw3WlwdN8qv8vzjLAUTvYaH/mVjSFpbkFbpTg==\",\n      \"cpu\": [\n        \"x64\"\n      ],\n      \"dev\": true,\n      \"license\": \"MIT\",\n      \"optional\": true,\n      \"os\": [\n        \"win32\"\n      ]\n    },"}