{"chunk":115,"numChunks":252,"fileHash":"uosZxi4dBSfu8Vg45yRueuIDfDVG+VKDRJUui7BOpAw=","filePath":"package-lock.json","content":"{\n  \"packages\": {\n    \"node_modules/get-intrinsic\": {\n      \"version\": \"1.3.0\",\n      \"resolved\": \"https://registry.npmjs.org/get-intrinsic/-/get-intrinsic-1.3.0.tgz\",\n      \"integrity\": \"sha512-9fSjSaos/fRIVIp+xSJlE6lfwhES7LNtKaCBIamHsjr2na1BiABJPo0mOjjz8GJDURarmCPGqaiVg5mfjb98CQ==\",\n      \"license\": \"MIT\",\n      \"dependencies\": {\n        \"call-bind-apply-helpers\": \"^1.0.2\",\n        \"es-define-property\": \"^1.0.1\",\n        \"es-errors\": \"^1.3.0\",\n        \"es-object-atoms\": \"^1.1.1\",\n        \"function-bind\": \"^1.1.2\",\n        \"get-proto\": \"^1.0.1\",\n        \"gopd\": \"^1.2.0\",\n        \"has-symbols\": \"^1.1.0\",\n        \"hasown\": \"^2.0.2\",\n        \"math-intrinsics\": \"^1.1.0\"\n      },\n      \"engines\": {\n        \"node\": \">= 0.4\"\n      },\n      \"funding\": {\n        \"url\": \"https://github.com/sponsors/ljharb\"\n      }\n    },"}