{"chunk":7,"numChunks":252,"fileHash":"uosZxi4dBSfu8Vg45yRueuIDfDVG+VKDRJUui7BOpAw=","filePath":"package-lock.json","content":"{\n  \"packages\": {\n    \"node_modules/@esbuild/linux-arm\": {\n      \"version\": \"0.25.11\",\n      \"resolved\": \"https://registry.npmjs.org/@esbuild/linux-arm/-/linux-arm-0.25.11.tgz\",\n      \"integrity\": \"sha512-TBMv6B4kCfrGJ8cUPo7vd6NECZH/8hPpBHHlYI3qzoYFvWu2AdTvZNuU/7hsbKWqu/COU7NIK12dHAAqBLLXgw==\",\n      \"cpu\": [\n        \"arm\"\n      ],\n      \"dev\": true,\n      \"license\": \"MIT\",\n      \"optional\": true,\n      \"os\": [\n        \"linux\"\n      ],\n      \"engines\": {\n        \"node\": \">=18\"\n      }\n    },\n    \"node_modules/@esbuild/linux-arm64\": {\n      \"version\": \"0.25.11\",\n      \"resolved\": \"https://registry.npmjs.org/@esbuild/linux-arm64/-/linux-arm64-0.25.11.tgz\",\n      \"integrity\": \"sha512-Qr8AzcplUhGvdyUF08A1kHU3Vr2O88xxP0Tm8GcdVOUm25XYcMPp2YqSVHbLuXzYQMf9Bh/iKx7YPqECs6ffLA==\",\n      \"cpu\": [\n        \"arm64\"\n      ],\n      \"dev\": true,\n      \"license\": \"MIT\",\n      \"optional\": true,\n      \"os\": [\n        \"linux\"\n      ],\n      \"engines\": {\n        \"node\": \">=18\"\n      }\n    },"}