{"chunk":71,"numChunks":252,"fileHash":"uosZxi4dBSfu8Vg45yRueuIDfDVG+VKDRJUui7BOpAw=","filePath":"package-lock.json","content":"{\n  \"packages\": {\n    \"node_modules/color-convert\": {\n      \"version\": \"2.0.1\",\n      \"resolved\": \"https://registry.npmjs.org/color-convert/-/color-convert-2.0.1.tgz\",\n      \"integrity\": \"sha512-RRECPsj7iu/xb5oKYcsFHSppFNnsj/52OVTRKb4zP5onXwVF3zVmmToNcOfGC+CRDpfK/U584fMg38ZHCaElKQ==\",\n      \"dev\": true,\n      \"license\": \"MIT\",\n      \"dependencies\": {\n        \"color-name\": \"~1.1.4\"\n      },\n      \"engines\": {\n        \"node\": \">=7.0.0\"\n      }\n    },\n    \"node_modules/color-name\": {\n      \"version\": \"1.1.4\",\n      \"resolved\": \"https://registry.npmjs.org/color-name/-/color-name-1.1.4.tgz\",\n      \"integrity\": \"sha512-dOy+3AuW3a2wNbZHIuMZpTcgjGuLU/uBL/ubcZF9OXbDo8ff4O8yVp5Bf0efS8uEoYo5q4Fx7dY9OgQGXgAsQA==\",\n      \"dev\": true,\n      \"license\": \"MIT\"\n    },"}