{"chunk":87,"numChunks":252,"fileHash":"uosZxi4dBSfu8Vg45yRueuIDfDVG+VKDRJUui7BOpAw=","filePath":"package-lock.json","content":"{\n  \"packages\": {\n    \"node_modules/esbuild\": {\n      \"version\": \"0.25.11\",\n      \"resolved\": \"https://registry.npmjs.org/esbuild/-/esbuild-0.25.11.tgz\",\n      \"integrity\": \"sha512-KohQwyzrKTQmhXDW1PjCv3Tyspn9n5GcY2RTDqeORIdIJY8yKIF7sTSopFmn/wpMPW4rdPXI0UE5LJLuq3bx0Q==\",\n      \"dev\": true,\n      \"hasInstallScript\": true,\n      \"license\": \"MIT\",\n      \"bin\": {\n        \"esbuild\": \"bin/esbuild\"\n      },\n      \"engines\": {\n        \"node\": \">=18\"\n      },"}