{"chunk":84,"numChunks":252,"fileHash":"uosZxi4dBSfu8Vg45yRueuIDfDVG+VKDRJUui7BOpAw=","filePath":"package-lock.json","content":"{\n  \"packages\": {\n    \"node_modules/es-errors\": {\n      \"version\": \"1.3.0\",\n      \"resolved\": \"https://registry.npmjs.org/es-errors/-/es-errors-1.3.0.tgz\",\n      \"integrity\": \"sha512-Zf5H2Kxt2xjTvbJvP2ZWLEICxA6j+hAmMzIlypy4xcBg1vKVnx89Wy0GbS+kf5cwCVFFzdCFh2XSCFNULS6csw==\",\n      \"license\": \"MIT\",\n      \"engines\": {\n        \"node\": \">= 0.4\"\n      }\n    },\n    \"node_modules/es-object-atoms\": {\n      \"version\": \"1.1.1\",\n      \"resolved\": \"https://registry.npmjs.org/es-object-atoms/-/es-object-atoms-1.1.1.tgz\",\n      \"integrity\": \"sha512-FGgH2h8zKNim9ljj7dankFPcICIK9Cp5bm+c2gQSYePhpaG5+esrLODihIorn+Pe6FGJzWhXQotPv73jTaldXA==\",\n      \"license\": \"MIT\",\n      \"dependencies\": {\n        \"es-errors\": \"^1.3.0\"\n      },\n      \"engines\": {\n        \"node\": \">= 0.4\"\n      }\n    },"}