{"chunk":206,"numChunks":252,"fileHash":"uosZxi4dBSfu8Vg45yRueuIDfDVG+VKDRJUui7BOpAw=","filePath":"package-lock.json","content":"{\n  \"packages\": {\n    \"node_modules/picocolors\": {\n      \"version\": \"1.1.1\",\n      \"resolved\": \"https://registry.npmjs.org/picocolors/-/picocolors-1.1.1.tgz\",\n      \"integrity\": \"sha512-xceH2snhtb5M9liqDsmEw56le376mTZkEX/jEb/RxNFyegNul7eNslCXP9FDj/Lcu0X8KEyMceP2ntpaHrDEVA==\",\n      \"dev\": true,\n      \"license\": \"ISC\"\n    },\n    \"node_modules/picomatch\": {\n      \"version\": \"4.0.3\",\n      \"resolved\": \"https://registry.npmjs.org/picomatch/-/picomatch-4.0.3.tgz\",\n      \"integrity\": \"sha512-5gTmgEY/sqK6gFXLIsQNH19lWb4ebPDLA4SdLP7dsWkIXHWlG66oPuVvXSGFPppYZz8ZDZq0dYYrbHfBCVUb1Q==\",\n      \"dev\": true,\n      \"license\": \"MIT\",\n      \"engines\": {\n        \"node\": \">=12\"\n      },\n      \"funding\": {\n        \"url\": \"https://github.com/sponsors/jonschlinkert\"\n      }\n    },"}