{"chunk":2,"numChunks":3,"fileHash":"un7jHx5EAkqOC4YytKOIraUbystAr2MgRkz0Wf7ULkg=","filePath":"src/pages/KnowledgePointFormPage.jsx","content":"// src/pages/KnowledgePointFormPage.jsx\nfunction KnowledgePointFormPage() {\n    const [title, setTitle] = useState('');\n    const [content, setContent] = useState(''); // content现在将存储HTML\n    const { id } = useParams();\n    const navigate = useNavigate();\n    const isEditing = Boolean(id);\n    // ... (useEffect to fetchKp remains the same)\n    //新增：如果是编辑模式，组件挂载时从后端拉取数据并填充表单\n    useEffect(() => {\n        if (!isEditing) return;\n        const fetchKp = async () => {\n            try {\n                const res = await apiClient.get(`/knowledge-points/${id}`);\n                const kp = res.data;\n                setTitle(kp.title || '');\n                setContent(kp.content || '');\n            } catch (err) {\n                console.error('获取知识点失败', err);\n            }\n        };\n        fetchKp();\n    }, [id, isEditing]);\n    const handleSubmit = async (e) => {\n        e.preventDefault();\n        // 注意：content现在是HTML，后端需要能处理HTML\n        const kpData = { title, content };\n        try {\n            if (isEditing) {\n                await apiClient.put(`/knowledge-points/${id}`, kpData);\n            } else {\n                await apiClient.post('/knowledge-points', kpData);\n            }\n            navigate('/');\n        } catch (error) {\n            console.error('保存知识点失败', error);\n        }\n    };"}