{"chunk":60,"numChunks":252,"fileHash":"uosZxi4dBSfu8Vg45yRueuIDfDVG+VKDRJUui7BOpAw=","filePath":"package-lock.json","content":"{\n  \"packages\": {\n    \"node_modules/ansi-styles\": {\n      \"version\": \"4.3.0\",\n      \"resolved\": \"https://registry.npmjs.org/ansi-styles/-/ansi-styles-4.3.0.tgz\",\n      \"integrity\": \"sha512-zbB9rCJAT1rbjiVDb2hqKFHNYLxgtk8NURxZ3IZwD3F6NtxbXZQCnnSi1Lkx+IDohdPlFp222wVALIheZJQSEg==\",\n      \"dev\": true,\n      \"license\": \"MIT\",\n      \"dependencies\": {\n        \"color-convert\": \"^2.0.1\"\n      },\n      \"engines\": {\n        \"node\": \">=8\"\n      },\n      \"funding\": {\n        \"url\": \"https://github.com/chalk/ansi-styles?sponsor=1\"\n      }\n    },\n    \"node_modules/argparse\": {\n      \"version\": \"2.0.1\",\n      \"resolved\": \"https://registry.npmjs.org/argparse/-/argparse-2.0.1.tgz\",\n      \"integrity\": \"sha512-8+9WqebbFzpX9OR+Wa6O29asIogeRMzcGtAINdpMHHyAg10f05aSFVBbcEqGf/PXw1EjAZ+q2/bEBg3DvurK3Q==\",\n      \"dev\": true,\n      \"license\": \"Python-2.0\"\n    },"}