{"chunk":188,"numChunks":252,"fileHash":"uosZxi4dBSfu8Vg45yRueuIDfDVG+VKDRJUui7BOpAw=","filePath":"package-lock.json","content":"{\n  \"packages\": {\n    \"node_modules/micromark-util-encode\": {\n      \"version\": \"2.0.1\",\n      \"resolved\": \"https://registry.npmjs.org/micromark-util-encode/-/micromark-util-encode-2.0.1.tgz\",\n      \"integrity\": \"sha512-c3cVx2y4KqUnwopcO9b/SCdo2O67LwJJ/UyqGfbigahfegL9myoEFoDYZgkT7f36T0bLrM9hZTAaAyH+PCAXjw==\",\n      \"funding\": [\n        {\n          \"type\": \"GitHub Sponsors\",\n          \"url\": \"https://github.com/sponsors/unifiedjs\"\n        },\n        {\n          \"type\": \"OpenCollective\",\n          \"url\": \"https://opencollective.com/unified\"\n        }\n      ],\n      \"license\": \"MIT\"\n    },"}