{"chunk":19,"numChunks":252,"fileHash":"uosZxi4dBSfu8Vg45yRueuIDfDVG+VKDRJUui7BOpAw=","filePath":"package-lock.json","content":"{\n  \"packages\": {\n    \"node_modules/@eslint/config-helpers\": {\n      \"version\": \"0.4.1\",\n      \"resolved\": \"https://registry.npmjs.org/@eslint/config-helpers/-/config-helpers-0.4.1.tgz\",\n      \"integrity\": \"sha512-csZAzkNhsgwb0I/UAV6/RGFTbiakPCf0ZrGmrIxQpYvGZ00PhTkSnyKNolphgIvmnJeGw6rcGVEXfTzUnFuEvw==\",\n      \"dev\": true,\n      \"license\": \"Apache-2.0\",\n      \"dependencies\": {\n        \"@eslint/core\": \"^0.16.0\"\n      },\n      \"engines\": {\n        \"node\": \"^18.18.0 || ^20.9.0 || >=21.1.0\"\n      }\n    },\n    \"node_modules/@eslint/core\": {\n      \"version\": \"0.16.0\",\n      \"resolved\": \"https://registry.npmjs.org/@eslint/core/-/core-0.16.0.tgz\",\n      \"integrity\": \"sha512-nmC8/totwobIiFcGkDza3GIKfAw1+hLiYVrh3I1nIomQ8PEr5cxg34jnkmGawul/ep52wGRAcyeDCNtWKSOj4Q==\",\n      \"dev\": true,\n      \"license\": \"Apache-2.0\",\n      \"dependencies\": {\n        \"@types/json-schema\": \"^7.0.15\"\n      },\n      \"engines\": {\n        \"node\": \"^18.18.0 || ^20.9.0 || >=21.1.0\"\n      }\n    },"}