{"chunk":108,"numChunks":252,"fileHash":"uosZxi4dBSfu8Vg45yRueuIDfDVG+VKDRJUui7BOpAw=","filePath":"package-lock.json","content":"{\n  \"packages\": {\n    \"node_modules/fast-levenshtein\": {\n      \"version\": \"2.0.6\",\n      \"resolved\": \"https://registry.npmjs.org/fast-levenshtein/-/fast-levenshtein-2.0.6.tgz\",\n      \"integrity\": \"sha512-DCXu6Ifhqcks7TZKY3Hxp3y6qphY5SJZmrWMDrKcERSOXWQdMhU9Ig/PYrzyw/ul9jOIyh0N4M0tbC5hodg8dw==\",\n      \"dev\": true,\n      \"license\": \"MIT\"\n    },\n    \"node_modules/fdir\": {\n      \"version\": \"6.5.0\",\n      \"resolved\": \"https://registry.npmjs.org/fdir/-/fdir-6.5.0.tgz\",\n      \"integrity\": \"sha512-tIbYtZbucOs0BRGqPJkshJUYdL+SDH7dVM8gjy+ERp3WAUjLEFJE+02kanyHtwjWOnwrKYBiwAmM0p4kLJAnXg==\",\n      \"dev\": true,\n      \"license\": \"MIT\",\n      \"engines\": {\n        \"node\": \">=12.0.0\"\n      },\n      \"peerDependencies\": {\n        \"picomatch\": \"^3 || ^4\"\n      },\n      \"peerDependenciesMeta\": {\n        \"picomatch\": {\n          \"optional\": true\n        }\n      }\n    },"}