{"chunk":16,"numChunks":252,"fileHash":"uosZxi4dBSfu8Vg45yRueuIDfDVG+VKDRJUui7BOpAw=","filePath":"package-lock.json","content":"{\n  \"packages\": {\n    \"node_modules/@eslint-community/eslint-utils\": {\n      \"version\": \"4.9.0\",\n      \"resolved\": \"https://registry.npmjs.org/@eslint-community/eslint-utils/-/eslint-utils-4.9.0.tgz\",\n      \"integrity\": \"sha512-ayVFHdtZ+hsq1t2Dy24wCmGXGe4q9Gu3smhLYALJrr473ZH27MsnSL+LKUlimp4BWJqMDMLmPpx/Q9R3OAlL4g==\",\n      \"dev\": true,\n      \"license\": \"MIT\",\n      \"dependencies\": {\n        \"eslint-visitor-keys\": \"^3.4.3\"\n      },\n      \"engines\": {\n        \"node\": \"^12.22.0 || ^14.17.0 || >=16.0.0\"\n      },\n      \"funding\": {\n        \"url\": \"https://opencollective.com/eslint\"\n      },\n      \"peerDependencies\": {\n        \"eslint\": \"^6.0.0 || ^7.0.0 || >=8.0.0\"\n      }\n    },"}