{"chunk":219,"numChunks":252,"fileHash":"uosZxi4dBSfu8Vg45yRueuIDfDVG+VKDRJUui7BOpAw=","filePath":"package-lock.json","content":"{\n  \"packages\": {\n    \"node_modules/rehype-katex\": {\n      \"version\": \"7.0.1\",\n      \"resolved\": \"https://registry.npmjs.org/rehype-katex/-/rehype-katex-7.0.1.tgz\",\n      \"integrity\": \"sha512-OiM2wrZ/wuhKkigASodFoo8wimG3H12LWQaH8qSPVJn9apWKFSH3YOCtbKpBorTVw/eI7cuT21XBbvwEswbIOA==\",\n      \"license\": \"MIT\",\n      \"dependencies\": {\n        \"@types/hast\": \"^3.0.0\",\n        \"@types/katex\": \"^0.16.0\",\n        \"hast-util-from-html-isomorphic\": \"^2.0.0\",\n        \"hast-util-to-text\": \"^4.0.0\",\n        \"katex\": \"^0.16.0\",\n        \"unist-util-visit-parents\": \"^6.0.0\",\n        \"vfile\": \"^6.0.0\"\n      },\n      \"funding\": {\n        \"type\": \"opencollective\",\n        \"url\": \"https://opencollective.com/unified\"\n      }\n    },"}