{"chunk":203,"numChunks":252,"fileHash":"uosZxi4dBSfu8Vg45yRueuIDfDVG+VKDRJUui7BOpAw=","filePath":"package-lock.json","content":"{\n  \"packages\": {\n    \"node_modules/parse-entities\": {\n      \"version\": \"4.0.2\",\n      \"resolved\": \"https://registry.npmjs.org/parse-entities/-/parse-entities-4.0.2.tgz\",\n      \"integrity\": \"sha512-GG2AQYWoLgL877gQIKeRPGO1xF9+eG1ujIb5soS5gPvLQ1y2o8FL90w2QWNdf9I361Mpp7726c+lj3U0qK1uGw==\",\n      \"license\": \"MIT\",\n      \"dependencies\": {\n        \"@types/unist\": \"^2.0.0\",\n        \"character-entities-legacy\": \"^3.0.0\",\n        \"character-reference-invalid\": \"^2.0.0\",\n        \"decode-named-character-reference\": \"^1.0.0\",\n        \"is-alphanumerical\": \"^2.0.0\",\n        \"is-decimal\": \"^2.0.0\",\n        \"is-hexadecimal\": \"^2.0.0\"\n      },\n      \"funding\": {\n        \"type\": \"github\",\n        \"url\": \"https://github.com/sponsors/wooorm\"\n      }\n    },"}