{"chunk":244,"numChunks":252,"fileHash":"uosZxi4dBSfu8Vg45yRueuIDfDVG+VKDRJUui7BOpAw=","filePath":"package-lock.json","content":"{\n  \"packages\": {\n    \"node_modules/unist-util-visit\": {\n      \"version\": \"5.0.0\",\n      \"resolved\": \"https://registry.npmjs.org/unist-util-visit/-/unist-util-visit-5.0.0.tgz\",\n      \"integrity\": \"sha512-MR04uvD+07cwl/yhVuVWAtw+3GOR/knlL55Nd/wAdblk27GCVt3lqpTivy/tkJcZoNPzTwS1Y+KMojlLDhoTzg==\",\n      \"license\": \"MIT\",\n      \"dependencies\": {\n        \"@types/unist\": \"^3.0.0\",\n        \"unist-util-is\": \"^6.0.0\",\n        \"unist-util-visit-parents\": \"^6.0.0\"\n      },\n      \"funding\": {\n        \"type\": \"opencollective\",\n        \"url\": \"https://opencollective.com/unified\"\n      }\n    },"}