{"chunk":0,"numChunks":1,"fileHash":"Uyy9lzaFvBrahmeoI0X8MXf9o5auPDXd/MI63VJztf8=","filePath":"index.html","content":"<!doctype html>\n<html lang=\"en\">\n  <head>\n    <meta charset=\"UTF-8\" />\n    <link rel=\"icon\" type=\"image/svg+xml\" href=\"/vite.svg\" />\n    <meta name=\"viewport\" content=\"width=device-width, initial-scale=1.0\" />\n    <title>feynman-platform-frontend</title>\n  </head>\n  <body>\n    <div id=\"root\"></div>\n    <script type=\"module\" src=\"/src/main.jsx\"></script>\n  </body>\n</html>\n"}