{"chunk":32,"numChunks":252,"fileHash":"uosZxi4dBSfu8Vg45yRueuIDfDVG+VKDRJUui7BOpAw=","filePath":"package-lock.json","content":"{\n  \"packages\": {\n    \"node_modules/@rollup/rollup-linux-ppc64-gnu\": {\n      \"version\": \"4.52.5\",\n      \"resolved\": \"https://registry.npmjs.org/@rollup/rollup-linux-ppc64-gnu/-/rollup-linux-ppc64-gnu-4.52.5.tgz\",\n      \"integrity\": \"sha512-W/b9ZN/U9+hPQVvlGwjzi+Wy4xdoH2I8EjaCkMvzpI7wJUs8sWJ03Rq96jRnHkSrcHTpQe8h5Tg3ZzUPGauvAw==\",\n      \"cpu\": [\n        \"ppc64\"\n      ],\n      \"dev\": true,\n      \"license\": \"MIT\",\n      \"optional\": true,\n      \"os\": [\n        \"linux\"\n      ]\n    },\n    \"node_modules/@rollup/rollup-linux-riscv64-gnu\": {\n      \"version\": \"4.52.5\",\n      \"resolved\": \"https://registry.npmjs.org/@rollup/rollup-linux-riscv64-gnu/-/rollup-linux-riscv64-gnu-4.52.5.tgz\",\n      \"integrity\": \"sha512-sjQLr9BW7R/ZiXnQiWPkErNfLMkkWIoCz7YMn27HldKsADEKa5WYdobaa1hmN6slu9oWQbB6/jFpJ+P2IkVrmw==\",\n      \"cpu\": [\n        \"riscv64\"\n      ],\n      \"dev\": true,\n      \"license\": \"MIT\",\n      \"optional\": true,\n      \"os\": [\n        \"linux\"\n      ]\n    },"}