{"chunk":0,"numChunks":1,"fileHash":"LzQxVYyMSbz0DFw7mQLxIzLOa7ZJrjYPEiXAcEtrqbM=","filePath":"src/App.jsx","content":"// src/App.jsx\nimport { Routes, Route } from 'react-router-dom';\nimport LoginPage from './pages/LoginPage';\nimport RegisterPage from './pages/RegisterPage';\nimport DashboardPage from './pages/DashboardPage';\nimport Layout from './components/Layout'; // 引入Layout\nimport ProtectedRoute from './components/ProtectedRoute'; // 引入\nimport KnowledgePointFormPage from './pages/KnowledgePointFormPage'; // 引入\n\nfunction App() {\n  return (\n    <Routes>\n      <Route element={<Layout />}>\n        {/* 公共路由 */}\n        <Route path=\"/login\" element={<LoginPage />} />\n        <Route path=\"/register\" element={<RegisterPage />} />\n        \n        {/* 受保护的路由 */}\n        <Route element={<ProtectedRoute />}>\n          <Route path=\"/\" element={<DashboardPage />} />\n          <Route path=\"/kp/new\" element={<KnowledgePointFormPage />} />\n          <Route path=\"/kp/edit/:id\" element={<KnowledgePointFormPage />} />\n          {/* 未来其他的受保护页面也可以放在这里 */}\n        </Route>\n      </Route>\n    </Routes>\n  );\n}\nexport default App;"}