{"chunk":50,"numChunks":252,"fileHash":"uosZxi4dBSfu8Vg45yRueuIDfDVG+VKDRJUui7BOpAw=","filePath":"package-lock.json","content":"{\n  \"packages\": {\n    \"node_modules/@swc/types\": {\n      \"version\": \"0.1.25\",\n      \"resolved\": \"https://registry.npmjs.org/@swc/types/-/types-0.1.25.tgz\",\n      \"integrity\": \"sha512-iAoY/qRhNH8a/hBvm3zKj9qQ4oc2+3w1unPJa2XvTK3XjeLXtzcCingVPw/9e5mn1+0yPqxcBGp9Jf0pkfMb1g==\",\n      \"dev\": true,\n      \"license\": \"Apache-2.0\",\n      \"dependencies\": {\n        \"@swc/counter\": \"^0.1.3\"\n      }\n    },\n    \"node_modules/@types/debug\": {\n      \"version\": \"4.1.12\",\n      \"resolved\": \"https://registry.npmjs.org/@types/debug/-/debug-4.1.12.tgz\",\n      \"integrity\": \"sha512-vIChWdVG3LG1SMxEvI/AK+FWJthlrqlTu7fbrlywTkkaONwk/UAGaULXRlf8vkzFBLVm0zkMdCquhL5aOjhXPQ==\",\n      \"license\": \"MIT\",\n      \"dependencies\": {\n        \"@types/ms\": \"*\"\n      }\n    },"}