{"chunk":141,"numChunks":252,"fileHash":"uosZxi4dBSfu8Vg45yRueuIDfDVG+VKDRJUui7BOpAw=","filePath":"package-lock.json","content":"{\n  \"packages\": {\n    \"node_modules/json-stable-stringify-without-jsonify\": {\n      \"version\": \"1.0.1\",\n      \"resolved\": \"https://registry.npmjs.org/json-stable-stringify-without-jsonify/-/json-stable-stringify-without-jsonify-1.0.1.tgz\",\n      \"integrity\": \"sha512-Bdboy+l7tA3OGW6FjyFHWkP5LuByj1Tk33Ljyq0axyzdk9//JSi2u3fP1QSmd1KNwq6VOKYGlAu87CisVir6Pw==\",\n      \"dev\": true,\n      \"license\": \"MIT\"\n    },\n    \"node_modules/katex\": {\n      \"version\": \"0.16.25\",\n      \"resolved\": \"https://registry.npmjs.org/katex/-/katex-0.16.25.tgz\",\n      \"integrity\": \"sha512-woHRUZ/iF23GBP1dkDQMh1QBad9dmr8/PAwNA54VrSOVYgI12MAcE14TqnDdQOdzyEonGzMepYnqBMYdsoAr8Q==\",\n      \"funding\": [\n        \"https://opencollective.com/katex\",\n        \"https://github.com/sponsors/katex\"\n      ],\n      \"license\": \"MIT\",\n      \"dependencies\": {\n        \"commander\": \"^8.3.0\"\n      },\n      \"bin\": {\n        \"katex\": \"cli.js\"\n      }\n    },"}