{"chunk":70,"numChunks":252,"fileHash":"uosZxi4dBSfu8Vg45yRueuIDfDVG+VKDRJUui7BOpAw=","filePath":"package-lock.json","content":"{\n  \"packages\": {\n    \"node_modules/character-reference-invalid\": {\n      \"version\": \"2.0.1\",\n      \"resolved\": \"https://registry.npmjs.org/character-reference-invalid/-/character-reference-invalid-2.0.1.tgz\",\n      \"integrity\": \"sha512-iBZ4F4wRbyORVsu0jPV7gXkOsGYjGHPmAyv+HiHG8gi5PtC9KI2j1+v8/tlibRvjoWX027ypmG/n0HtO5t7unw==\",\n      \"license\": \"MIT\",\n      \"funding\": {\n        \"type\": \"github\",\n        \"url\": \"https://github.com/sponsors/wooorm\"\n      }\n    },\n    \"node_modules/clone\": {\n      \"version\": \"2.1.2\",\n      \"resolved\": \"https://registry.npmjs.org/clone/-/clone-2.1.2.tgz\",\n      \"integrity\": \"sha512-3Pe/CF1Nn94hyhIYpjtiLhdCoEoz0DqQ+988E9gmeEdQZlojxnOb74wctFyuwWQHzqyf9X7C7MG8juUpqBJT8w==\",\n      \"license\": \"MIT\",\n      \"engines\": {\n        \"node\": \">=0.8\"\n      }\n    },"}