{"chunk":0,"numChunks":1,"fileHash":"QSRj059InYif8IsLsiRTcvbNM/QVxgZGxNVOfilcWSo=","filePath":"README.md","content":"# React + Vite\n\nThis template provides a minimal setup to get React working in Vite with HMR and some ESLint rules.\n\nCurrently, two official plugins are available:\n\n- [@vitejs/plugin-react](https://github.com/vitejs/vite-plugin-react/blob/main/packages/plugin-react) uses [Babel](https://babeljs.io/) (or [oxc](https://oxc.rs) when used in [rolldown-vite](https://vite.dev/guide/rolldown)) for Fast Refresh\n- [@vitejs/plugin-react-swc](https://github.com/vitejs/vite-plugin-react/blob/main/packages/plugin-react-swc) uses [SWC](https://swc.rs/) for Fast Refresh\n\n## React Compiler\n\nThe React Compiler is currently not compatible with SWC. See [this issue](https://github.com/vitejs/vite-plugin-react/issues/428) for tracking the progress.\n\n## Expanding the ESLint configuration\n\nIf you are developing a production application, we recommend using TypeScript with type-aware lint rules enabled. Check out the [TS template](https://github.com/vitejs/vite/tree/main/packages/create-vite/template-react-ts) for information on how to integrate TypeScript and [`typescript-eslint`](https://typescript-eslint.io) in your project.\n"}