{"chunk":81,"numChunks":252,"fileHash":"uosZxi4dBSfu8Vg45yRueuIDfDVG+VKDRJUui7BOpAw=","filePath":"package-lock.json","content":"{\n  \"packages\": {\n    \"node_modules/dequal\": {\n      \"version\": \"2.0.3\",\n      \"resolved\": \"https://registry.npmjs.org/dequal/-/dequal-2.0.3.tgz\",\n      \"integrity\": \"sha512-0je+qPKHEMohvfRTCEo3CrPG6cAzAYgmzKyxRiYSSDkS6eGJdyVJm7WaYA5ECaAD9wLB2T4EEeymA5aFVcYXCA==\",\n      \"license\": \"MIT\",\n      \"engines\": {\n        \"node\": \">=6\"\n      }\n    },\n    \"node_modules/devlop\": {\n      \"version\": \"1.1.0\",\n      \"resolved\": \"https://registry.npmjs.org/devlop/-/devlop-1.1.0.tgz\",\n      \"integrity\": \"sha512-RWmIqhcFf1lRYBvNmr7qTNuyCt/7/ns2jbpp1+PalgE/rDQcBT0fioSMUpJ93irlUhC5hrg4cYqe6U+0ImW0rA==\",\n      \"license\": \"MIT\",\n      \"dependencies\": {\n        \"dequal\": \"^2.0.0\"\n      },\n      \"funding\": {\n        \"type\": \"github\",\n        \"url\": \"https://github.com/sponsors/wooorm\"\n      }\n    },"}