{"chunk":123,"numChunks":252,"fileHash":"uosZxi4dBSfu8Vg45yRueuIDfDVG+VKDRJUui7BOpAw=","filePath":"package-lock.json","content":"{\n  \"packages\": {\n    \"node_modules/hast-util-from-parse5\": {\n      \"version\": \"8.0.3\",\n      \"resolved\": \"https://registry.npmjs.org/hast-util-from-parse5/-/hast-util-from-parse5-8.0.3.tgz\",\n      \"integrity\": \"sha512-3kxEVkEKt0zvcZ3hCRYI8rqrgwtlIOFMWkbclACvjlDw8Li9S2hk/d51OI0nr/gIpdMHNepwgOKqZ/sy0Clpyg==\",\n      \"license\": \"MIT\",\n      \"dependencies\": {\n        \"@types/hast\": \"^3.0.0\",\n        \"@types/unist\": \"^3.0.0\",\n        \"devlop\": \"^1.0.0\",\n        \"hastscript\": \"^9.0.0\",\n        \"property-information\": \"^7.0.0\",\n        \"vfile\": \"^6.0.0\",\n        \"vfile-location\": \"^5.0.0\",\n        \"web-namespaces\": \"^2.0.0\"\n      },\n      \"funding\": {\n        \"type\": \"opencollective\",\n        \"url\": \"https://opencollective.com/unified\"\n      }\n    },"}