{"chunk":10,"numChunks":252,"fileHash":"uosZxi4dBSfu8Vg45yRueuIDfDVG+VKDRJUui7BOpAw=","filePath":"package-lock.json","content":"{\n  \"packages\": {\n    \"node_modules/@esbuild/linux-riscv64\": {\n      \"version\": \"0.25.11\",\n      \"resolved\": \"https://registry.npmjs.org/@esbuild/linux-riscv64/-/linux-riscv64-0.25.11.tgz\",\n      \"integrity\": \"sha512-HfyAmqZi9uBAbgKYP1yGuI7tSREXwIb438q0nqvlpxAOs3XnZ8RsisRfmVsgV486NdjD7Mw2UrFSw51lzUk1ww==\",\n      \"cpu\": [\n        \"riscv64\"\n      ],\n      \"dev\": true,\n      \"license\": \"MIT\",\n      \"optional\": true,\n      \"os\": [\n        \"linux\"\n      ],\n      \"engines\": {\n        \"node\": \">=18\"\n      }\n    },\n    \"node_modules/@esbuild/linux-s390x\": {\n      \"version\": \"0.25.11\",\n      \"resolved\": \"https://registry.npmjs.org/@esbuild/linux-s390x/-/linux-s390x-0.25.11.tgz\",\n      \"integrity\": \"sha512-HjLqVgSSYnVXRisyfmzsH6mXqyvj0SA7pG5g+9W7ESgwA70AXYNpfKBqh1KbTxmQVaYxpzA/SvlB9oclGPbApw==\",\n      \"cpu\": [\n        \"s390x\"\n      ],\n      \"dev\": true,\n      \"license\": \"MIT\",\n      \"optional\": true,\n      \"os\": [\n        \"linux\"\n      ],\n      \"engines\": {\n        \"node\": \">=18\"\n      }\n    },"}