{"chunk":3,"numChunks":252,"fileHash":"uosZxi4dBSfu8Vg45yRueuIDfDVG+VKDRJUui7BOpAw=","filePath":"package-lock.json","content":"{\n  \"packages\": {\n    \"node_modules/@esbuild/aix-ppc64\": {\n      \"version\": \"0.25.11\",\n      \"resolved\": \"https://registry.npmjs.org/@esbuild/aix-ppc64/-/aix-ppc64-0.25.11.tgz\",\n      \"integrity\": \"sha512-Xt1dOL13m8u0WE8iplx9Ibbm+hFAO0GsU2P34UNoDGvZYkY8ifSiy6Zuc1lYxfG7svWE2fzqCUmFp5HCn51gJg==\",\n      \"cpu\": [\n        \"ppc64\"\n      ],\n      \"dev\": true,\n      \"license\": \"MIT\",\n      \"optional\": true,\n      \"os\": [\n        \"aix\"\n      ],\n      \"engines\": {\n        \"node\": \">=18\"\n      }\n    },\n    \"node_modules/@esbuild/android-arm\": {\n      \"version\": \"0.25.11\",\n      \"resolved\": \"https://registry.npmjs.org/@esbuild/android-arm/-/android-arm-0.25.11.tgz\",\n      \"integrity\": \"sha512-uoa7dU+Dt3HYsethkJ1k6Z9YdcHjTrSb5NUy66ZfZaSV8hEYGD5ZHbEMXnqLFlbBflLsl89Zke7CAdDJ4JI+Gg==\",\n      \"cpu\": [\n        \"arm\"\n      ],\n      \"dev\": true,\n      \"license\": \"MIT\",\n      \"optional\": true,\n      \"os\": [\n        \"android\"\n      ],\n      \"engines\": {\n        \"node\": \">=18\"\n      }\n    },"}