{"chunk":250,"numChunks":252,"fileHash":"uosZxi4dBSfu8Vg45yRueuIDfDVG+VKDRJUui7BOpAw=","filePath":"package-lock.json","content":"{\n  \"packages\": {\n    },\n    \"node_modules/web-namespaces\": {\n      \"version\": \"2.0.1\",\n      \"resolved\": \"https://registry.npmjs.org/web-namespaces/-/web-namespaces-2.0.1.tgz\",\n      \"integrity\": \"sha512-bKr1DkiNa2krS7qxNtdrtHAmzuYGFQLiQ13TsorsdT6ULTkPLKuu5+GsFpDlg6JFjUTwX2DyhMPG2be8uPrqsQ==\",\n      \"license\": \"MIT\",\n      \"funding\": {\n        \"type\": \"github\",\n        \"url\": \"https://github.com/sponsors/wooorm\"\n      }\n    },"}