{"chunk":217,"numChunks":252,"fileHash":"uosZxi4dBSfu8Vg45yRueuIDfDVG+VKDRJUui7BOpAw=","filePath":"package-lock.json","content":"{\n  \"packages\": {\n    \"node_modules/react-router-dom\": {\n      \"version\": \"7.9.4\",\n      \"resolved\": \"https://registry.npmjs.org/react-router-dom/-/react-router-dom-7.9.4.tgz\",\n      \"integrity\": \"sha512-f30P6bIkmYvnHHa5Gcu65deIXoA2+r3Eb6PJIAddvsT9aGlchMatJ51GgpU470aSqRRbFX22T70yQNUGuW3DfA==\",\n      \"license\": \"MIT\",\n      \"dependencies\": {\n        \"react-router\": \"7.9.4\"\n      },\n      \"engines\": {\n        \"node\": \">=20.0.0\"\n      },\n      \"peerDependencies\": {\n        \"react\": \">=18\",\n        \"react-dom\": \">=18\"\n      }\n    },"}