{"chunk":0,"numChunks":1,"fileHash":"L9YFbPTGIeesc99seaoDKJQFWwc3GSu1sx4X1uP4fIQ=","filePath":"src/context/AuthContext.jsx","content":"import { createContext, useState, useEffect } from 'react';\r\n\r\nconst AuthContext = createContext(null);\r\n\r\nexport function AuthProvider({ children }) {\r\n    const [token, setToken] = useState(localStorage.getItem('token')); // 1. 从localStorage初始化token\r\n    const [user, setUser] = useState(null); // 可以在这里保存解码后的用户信息\r\n\r\n    useEffect(() => {\r\n        if (token) {\r\n            // 当token变化时，更新localStorage\r\n            localStorage.setItem('token', token);\r\n            // 可以在这里解码token获取用户信息，并设置user state\r\n            // 暂时简化处理\r\n        } else {\r\n            localStorage.removeItem('token');\r\n        }\r\n    }, [token]);\r\n\r\n    const login = (newToken) => {\r\n        setToken(newToken);\r\n    };\r\n\r\n    const logout = () => {\r\n        setToken(null);\r\n        setUser(null);\r\n    };\r\n\r\n    // 2. 将 state 和函数通过 value prop 提供出去\r\n    const value = { token, user, login, logout };\r\n\r\n    return <AuthContext.Provider value={value}>{children}</AuthContext.Provider>;\r\n}\r\n\r\nexport { AuthContext };\r\n"}