{"chunk":189,"numChunks":252,"fileHash":"uosZxi4dBSfu8Vg45yRueuIDfDVG+VKDRJUui7BOpAw=","filePath":"package-lock.json","content":"{\n  \"packages\": {\n    \"node_modules/micromark-util-html-tag-name\": {\n      \"version\": \"2.0.1\",\n      \"resolved\": \"https://registry.npmjs.org/micromark-util-html-tag-name/-/micromark-util-html-tag-name-2.0.1.tgz\",\n      \"integrity\": \"sha512-2cNEiYDhCWKI+Gs9T0Tiysk136SnR13hhO8yW6BGNyhOC4qYFnwF1nKfD3HFAIXA5c45RrIG1ub11GiXeYd1xA==\",\n      \"funding\": [\n        {\n          \"type\": \"GitHub Sponsors\",\n          \"url\": \"https://github.com/sponsors/unifiedjs\"\n        },\n        {\n          \"type\": \"OpenCollective\",\n          \"url\": \"https://opencollective.com/unified\"\n        }\n      ],\n      \"license\": \"MIT\"\n    },"}