{"chunk":207,"numChunks":252,"fileHash":"uosZxi4dBSfu8Vg45yRueuIDfDVG+VKDRJUui7BOpAw=","filePath":"package-lock.json","content":"{\n  \"packages\": {\n    \"node_modules/postcss\": {\n      \"version\": \"8.5.6\",\n      \"resolved\": \"https://registry.npmjs.org/postcss/-/postcss-8.5.6.tgz\",\n      \"integrity\": \"sha512-3Ybi1tAuwAP9s0r1UQ2J4n5Y0G05bJkpUIO0/bI9MhwmD70S5aTWbXGBwxHrelT+XM1k6dM0pk+SwNkpTRN7Pg==\",\n      \"dev\": true,\n      \"funding\": [\n        {\n          \"type\": \"opencollective\",\n          \"url\": \"https://opencollective.com/postcss/\"\n        },\n        {\n          \"type\": \"tidelift\",\n          \"url\": \"https://tidelift.com/funding/github/npm/postcss\"\n        },\n        {\n          \"type\": \"github\",\n          \"url\": \"https://github.com/sponsors/ai\"\n        }\n      ],\n      \"license\": \"MIT\",\n      \"dependencies\": {\n        \"nanoid\": \"^3.3.11\",\n        \"picocolors\": \"^1.1.1\",\n        \"source-map-js\": \"^1.2.1\"\n      },\n      \"engines\": {\n        \"node\": \"^10 || ^12 || >=14\"\n      }\n    },"}