{"chunk":73,"numChunks":252,"fileHash":"uosZxi4dBSfu8Vg45yRueuIDfDVG+VKDRJUui7BOpAw=","filePath":"package-lock.json","content":"{\n  \"packages\": {\n    \"node_modules/commander\": {\n      \"version\": \"8.3.0\",\n      \"resolved\": \"https://registry.npmjs.org/commander/-/commander-8.3.0.tgz\",\n      \"integrity\": \"sha512-OkTL9umf+He2DZkUq8f8J9of7yL6RJKI24dVITBmNfZBmri9zYZQrKkuXiKhyfPSu8tUhnVBB1iKXevvnlR4Ww==\",\n      \"license\": \"MIT\",\n      \"engines\": {\n        \"node\": \">= 12\"\n      }\n    },\n    \"node_modules/concat-map\": {\n      \"version\": \"0.0.1\",\n      \"resolved\": \"https://registry.npmjs.org/concat-map/-/concat-map-0.0.1.tgz\",\n      \"integrity\": \"sha512-/Srv4dswyQNBfohGpz9o6Yb3Gz3SrUDqBH5rTuhGR7ahtlbYKnVxw2bCFMRljaA7EXHaXZ8wsHdodFvbkhKmqg==\",\n      \"dev\": true,\n      \"license\": \"MIT\"\n    },"}