{"chunk":247,"numChunks":252,"fileHash":"uosZxi4dBSfu8Vg45yRueuIDfDVG+VKDRJUui7BOpAw=","filePath":"package-lock.json","content":"{\n  \"packages\": {\n    \"node_modules/vfile-message\": {\n      \"version\": \"4.0.3\",\n      \"resolved\": \"https://registry.npmjs.org/vfile-message/-/vfile-message-4.0.3.tgz\",\n      \"integrity\": \"sha512-QTHzsGd1EhbZs4AsQ20JX1rC3cOlt/IWJruk893DfLRr57lcnOeMaWG4K0JrRta4mIJZKth2Au3mM3u03/JWKw==\",\n      \"license\": \"MIT\",\n      \"dependencies\": {\n        \"@types/unist\": \"^3.0.0\",\n        \"unist-util-stringify-position\": \"^4.0.0\"\n      },\n      \"funding\": {\n        \"type\": \"opencollective\",\n        \"url\": \"https://opencollective.com/unified\"\n      }\n    },"}