{"chunk":21,"numChunks":252,"fileHash":"uosZxi4dBSfu8Vg45yRueuIDfDVG+VKDRJUui7BOpAw=","filePath":"package-lock.json","content":"{\n  \"packages\": {\n    \"node_modules/@eslint/eslintrc/node_modules/globals\": {\n      \"version\": \"14.0.0\",\n      \"resolved\": \"https://registry.npmjs.org/globals/-/globals-14.0.0.tgz\",\n      \"integrity\": \"sha512-oahGvuMGQlPw/ivIYBjVSrWAfWLBeku5tpPE2fOPLi+WHffIWbuh2tCjhyQhTBPMf5E9jDEH4FOmTYgYwbKwtQ==\",\n      \"dev\": true,\n      \"license\": \"MIT\",\n      \"engines\": {\n        \"node\": \">=18\"\n      },\n      \"funding\": {\n        \"url\": \"https://github.com/sponsors/sindresorhus\"\n      }\n    },\n    \"node_modules/@eslint/js\": {\n      \"version\": \"9.38.0\",\n      \"resolved\": \"https://registry.npmjs.org/@eslint/js/-/js-9.38.0.tgz\",\n      \"integrity\": \"sha512-UZ1VpFvXf9J06YG9xQBdnzU+kthors6KjhMAl6f4gH4usHyh31rUf2DLGInT8RFYIReYXNSydgPY0V2LuWgl7A==\",\n      \"dev\": true,\n      \"license\": \"MIT\",\n      \"engines\": {\n        \"node\": \"^18.18.0 || ^20.9.0 || >=21.1.0\"\n      },\n      \"funding\": {\n        \"url\": \"https://eslint.org/donate\"\n      }\n    },"}