{"chunk":59,"numChunks":252,"fileHash":"uosZxi4dBSfu8Vg45yRueuIDfDVG+VKDRJUui7BOpAw=","filePath":"package-lock.json","content":"{\n  \"packages\": {\n    \"node_modules/ajv\": {\n      \"version\": \"6.12.6\",\n      \"resolved\": \"https://registry.npmjs.org/ajv/-/ajv-6.12.6.tgz\",\n      \"integrity\": \"sha512-j3fVLgvTo527anyYyJOGTYJbG+vnnQYvE0m5mmkc1TK+nxAppkCLMIL0aZ4dblVCNoGShhm+kzE4ZUykBoMg4g==\",\n      \"dev\": true,\n      \"license\": \"MIT\",\n      \"dependencies\": {\n        \"fast-deep-equal\": \"^3.1.1\",\n        \"fast-json-stable-stringify\": \"^2.0.0\",\n        \"json-schema-traverse\": \"^0.4.1\",\n        \"uri-js\": \"^4.2.2\"\n      },\n      \"funding\": {\n        \"type\": \"github\",\n        \"url\": \"https://github.com/sponsors/epoberezkin\"\n      }\n    },"}