{"chunk":242,"numChunks":252,"fileHash":"uosZxi4dBSfu8Vg45yRueuIDfDVG+VKDRJUui7BOpAw=","filePath":"package-lock.json","content":"{\n  \"packages\": {\n    \"node_modules/unist-util-position\": {\n      \"version\": \"5.0.0\",\n      \"resolved\": \"https://registry.npmjs.org/unist-util-position/-/unist-util-position-5.0.0.tgz\",\n      \"integrity\": \"sha512-fucsC7HjXvkB5R3kTCO7kUjRdrS0BJt3M/FPxmHMBOm8JQi2BsHAHFsy27E0EolP8rp0NzXsJ+jNPyDWvOJZPA==\",\n      \"license\": \"MIT\",\n      \"dependencies\": {\n        \"@types/unist\": \"^3.0.0\"\n      },\n      \"funding\": {\n        \"type\": \"opencollective\",\n        \"url\": \"https://opencollective.com/unified\"\n      }\n    },\n    \"node_modules/unist-util-remove-position\": {\n      \"version\": \"5.0.0\",\n      \"resolved\": \"https://registry.npmjs.org/unist-util-remove-position/-/unist-util-remove-position-5.0.0.tgz\",\n      \"integrity\": \"sha512-Hp5Kh3wLxv0PHj9m2yZhhLt58KzPtEYKQQ4yxfYFEO7EvHwzyDYnduhHnY1mDxoqr7VUwVuHXk9RXKIiYS1N8Q==\",\n      \"license\": \"MIT\",\n      \"dependencies\": {\n        \"@types/unist\": \"^3.0.0\",\n        \"unist-util-visit\": \"^5.0.0\"\n      },\n      \"funding\": {\n        \"type\": \"opencollective\",\n        \"url\": \"https://opencollective.com/unified\"\n      }\n    },"}