{"chunk":53,"numChunks":252,"fileHash":"uosZxi4dBSfu8Vg45yRueuIDfDVG+VKDRJUui7BOpAw=","filePath":"package-lock.json","content":"{\n  \"packages\": {\n    \"node_modules/@types/katex\": {\n      \"version\": \"0.16.7\",\n      \"resolved\": \"https://registry.npmjs.org/@types/katex/-/katex-0.16.7.tgz\",\n      \"integrity\": \"sha512-HMwFiRujE5PjrgwHQ25+bsLJgowjGjm5Z8FVSf0N6PwgJrwxH0QxzHYDcKsTfV3wva0vzrpqMTJS2jXPr5BMEQ==\",\n      \"license\": \"MIT\"\n    },\n    \"node_modules/@types/mdast\": {\n      \"version\": \"4.0.4\",\n      \"resolved\": \"https://registry.npmjs.org/@types/mdast/-/mdast-4.0.4.tgz\",\n      \"integrity\": \"sha512-kGaNbPh1k7AFzgpud/gMdvIm5xuECykRR+JnWKQno9TAXVa6WIVCGTPvYGekIDL4uwCZQSYbUxNBSb1aUo79oA==\",\n      \"license\": \"MIT\",\n      \"dependencies\": {\n        \"@types/unist\": \"*\"\n      }\n    },"}