{"chunk":120,"numChunks":252,"fileHash":"uosZxi4dBSfu8Vg45yRueuIDfDVG+VKDRJUui7BOpAw=","filePath":"package-lock.json","content":"{\n  \"packages\": {\n    \"node_modules/hasown\": {\n      \"version\": \"2.0.2\",\n      \"resolved\": \"https://registry.npmjs.org/hasown/-/hasown-2.0.2.tgz\",\n      \"integrity\": \"sha512-0hJU9SCPvmMzIBdZFqNPXWa6dqh7WdH0cII9y+CyS8rG3nL48Bclra9HmKhVVUHyPWNH5Y7xDwAB7bfgSjkUMQ==\",\n      \"license\": \"MIT\",\n      \"dependencies\": {\n        \"function-bind\": \"^1.1.2\"\n      },\n      \"engines\": {\n        \"node\": \">= 0.4\"\n      }\n    },\n    \"node_modules/hast-util-from-dom\": {\n      \"version\": \"5.0.1\",\n      \"resolved\": \"https://registry.npmjs.org/hast-util-from-dom/-/hast-util-from-dom-5.0.1.tgz\",\n      \"integrity\": \"sha512-N+LqofjR2zuzTjCPzyDUdSshy4Ma6li7p/c3pA78uTwzFgENbgbUrm2ugwsOdcjI1muO+o6Dgzp9p8WHtn/39Q==\",\n      \"license\": \"ISC\",\n      \"dependencies\": {\n        \"@types/hast\": \"^3.0.0\",\n        \"hastscript\": \"^9.0.0\",\n        \"web-namespaces\": \"^2.0.0\"\n      },\n      \"funding\": {\n        \"type\": \"opencollective\",\n        \"url\": \"https://opencollective.com/unified\"\n      }\n    },"}