{"chunk":212,"numChunks":252,"fileHash":"uosZxi4dBSfu8Vg45yRueuIDfDVG+VKDRJUui7BOpAw=","filePath":"package-lock.json","content":"{\n  \"packages\": {\n    \"node_modules/react-dom\": {\n      \"version\": \"18.2.0\",\n      \"resolved\": \"https://registry.npmjs.org/react-dom/-/react-dom-18.2.0.tgz\",\n      \"integrity\": \"sha512-6IMTriUmvsjHUjNtEDudZfuDQUoWXVxKHhlEGSk81n4YFS+r/Kl99wXiwlVXtPBtJenozv2P+hxDsw9eA7Xo6g==\",\n      \"license\": \"MIT\",\n      \"dependencies\": {\n        \"loose-envify\": \"^1.1.0\",\n        \"scheduler\": \"^0.23.0\"\n      },\n      \"peerDependencies\": {\n        \"react\": \"^18.2.0\"\n      }\n    },\n    \"node_modules/react-is\": {\n      \"version\": \"16.13.1\",\n      \"resolved\": \"https://registry.npmjs.org/react-is/-/react-is-16.13.1.tgz\",\n      \"integrity\": \"sha512-24e6ynE2H+OKt4kqsOvNd8kBpV65zoxbA4BVsEOB3ARVWQki/DHzaUoC5KuON/BiccDaCCTZBuOcfZs70kR8bQ==\",\n      \"license\": \"MIT\",\n      \"peer\": true\n    },"}