{"chunk":161,"numChunks":252,"fileHash":"uosZxi4dBSfu8Vg45yRueuIDfDVG+VKDRJUui7BOpAw=","filePath":"package-lock.json","content":"{\n  \"packages\": {\n    \"node_modules/mdast-util-to-markdown\": {\n      \"version\": \"2.1.2\",\n      \"resolved\": \"https://registry.npmjs.org/mdast-util-to-markdown/-/mdast-util-to-markdown-2.1.2.tgz\",\n      \"integrity\": \"sha512-xj68wMTvGXVOKonmog6LwyJKrYXZPvlwabaryTjLh9LuvovB/KAH+kvi8Gjj+7rJjsFi23nkUxRQv1KqSroMqA==\",\n      \"license\": \"MIT\",\n      \"dependencies\": {\n        \"@types/mdast\": \"^4.0.0\",\n        \"@types/unist\": \"^3.0.0\",\n        \"longest-streak\": \"^3.0.0\",\n        \"mdast-util-phrasing\": \"^4.0.0\",\n        \"mdast-util-to-string\": \"^4.0.0\",\n        \"micromark-util-classify-character\": \"^2.0.0\",\n        \"micromark-util-decode-string\": \"^2.0.0\",\n        \"unist-util-visit\": \"^5.0.0\",\n        \"zwitch\": \"^2.0.0\"\n      },\n      \"funding\": {\n        \"type\": \"opencollective\",\n        \"url\": \"https://opencollective.com/unified\"\n      }\n    },"}