{"chunk":128,"numChunks":252,"fileHash":"uosZxi4dBSfu8Vg45yRueuIDfDVG+VKDRJUui7BOpAw=","filePath":"package-lock.json","content":"{\n  \"packages\": {\n    \"node_modules/hast-util-whitespace\": {\n      \"version\": \"3.0.0\",\n      \"resolved\": \"https://registry.npmjs.org/hast-util-whitespace/-/hast-util-whitespace-3.0.0.tgz\",\n      \"integrity\": \"sha512-88JUN06ipLwsnv+dVn+OIYOvAuvBMy/Qoi6O7mQHxdPXpjy+Cd6xRkWwux7DKO+4sYILtLBRIKgsdpS2gQc7qw==\",\n      \"license\": \"MIT\",\n      \"dependencies\": {\n        \"@types/hast\": \"^3.0.0\"\n      },\n      \"funding\": {\n        \"type\": \"opencollective\",\n        \"url\": \"https://opencollective.com/unified\"\n      }\n    },"}