{"chunk":22,"numChunks":252,"fileHash":"uosZxi4dBSfu8Vg45yRueuIDfDVG+VKDRJUui7BOpAw=","filePath":"package-lock.json","content":"{\n  \"packages\": {\n    \"node_modules/@eslint/object-schema\": {\n      \"version\": \"2.1.7\",\n      \"resolved\": \"https://registry.npmjs.org/@eslint/object-schema/-/object-schema-2.1.7.tgz\",\n      \"integrity\": \"sha512-VtAOaymWVfZcmZbp6E2mympDIHvyjXs/12LqWYjVw6qjrfF+VK+fyG33kChz3nnK+SU5/NeHOqrTEHS8sXO3OA==\",\n      \"dev\": true,\n      \"license\": \"Apache-2.0\",\n      \"engines\": {\n        \"node\": \"^18.18.0 || ^20.9.0 || >=21.1.0\"\n      }\n    },\n    \"node_modules/@eslint/plugin-kit\": {\n      \"version\": \"0.4.0\",\n      \"resolved\": \"https://registry.npmjs.org/@eslint/plugin-kit/-/plugin-kit-0.4.0.tgz\",\n      \"integrity\": \"sha512-sB5uyeq+dwCWyPi31B2gQlVlo+j5brPlWx4yZBrEaRo/nhdDE8Xke1gsGgtiBdaBTxuTkceLVuVt/pclrasb0A==\",\n      \"dev\": true,\n      \"license\": \"Apache-2.0\",\n      \"dependencies\": {\n        \"@eslint/core\": \"^0.16.0\",\n        \"levn\": \"^0.4.1\"\n      },\n      \"engines\": {\n        \"node\": \"^18.18.0 || ^20.9.0 || >=21.1.0\"\n      }\n    },"}