{"chunk":80,"numChunks":252,"fileHash":"uosZxi4dBSfu8Vg45yRueuIDfDVG+VKDRJUui7BOpAw=","filePath":"package-lock.json","content":"{\n  \"packages\": {\n    \"node_modules/define-properties\": {\n      \"version\": \"1.2.1\",\n      \"resolved\": \"https://registry.npmjs.org/define-properties/-/define-properties-1.2.1.tgz\",\n      \"integrity\": \"sha512-8QmQKqEASLd5nx0U1B1okLElbUuuttJ/AnYmRXbbbGDWh6uS208EjD4Xqq/I9wK7u0v6O08XhTWnt5XtEbR6Dg==\",\n      \"license\": \"MIT\",\n      \"dependencies\": {\n        \"define-data-property\": \"^1.0.1\",\n        \"has-property-descriptors\": \"^1.0.0\",\n        \"object-keys\": \"^1.1.1\"\n      },\n      \"engines\": {\n        \"node\": \">= 0.4\"\n      },\n      \"funding\": {\n        \"url\": \"https://github.com/sponsors/ljharb\"\n      }\n    },\n    \"node_modules/delayed-stream\": {\n      \"version\": \"1.0.0\",\n      \"resolved\": \"https://registry.npmjs.org/delayed-stream/-/delayed-stream-1.0.0.tgz\",\n      \"integrity\": \"sha512-ZySD7Nf91aLB0RxL4KGrKHBXl7Eds1DAmEdcoVawXnLD7SDhpNgtuII2aAkg7a7QS41jxPSZ17p4VdGnMHk3MQ==\",\n      \"license\": \"MIT\",\n      \"engines\": {\n        \"node\": \">=0.4.0\"\n      }\n    },"}