{"chunk":135,"numChunks":252,"fileHash":"uosZxi4dBSfu8Vg45yRueuIDfDVG+VKDRJUui7BOpAw=","filePath":"package-lock.json","content":"{\n  \"packages\": {\n    \"node_modules/is-date-object\": {\n      \"version\": \"1.1.0\",\n      \"resolved\": \"https://registry.npmjs.org/is-date-object/-/is-date-object-1.1.0.tgz\",\n      \"integrity\": \"sha512-PwwhEakHVKTdRNVOw+/Gyh0+MzlCl4R6qKvkhuvLtPMggI1WAHt9sOwZxQLSGpUaDnrdyDsomoRgNnCfKNSXXg==\",\n      \"license\": \"MIT\",\n      \"dependencies\": {\n        \"call-bound\": \"^1.0.2\",\n        \"has-tostringtag\": \"^1.0.2\"\n      },\n      \"engines\": {\n        \"node\": \">= 0.4\"\n      },\n      \"funding\": {\n        \"url\": \"https://github.com/sponsors/ljharb\"\n      }\n    },\n    \"node_modules/is-decimal\": {\n      \"version\": \"2.0.1\",\n      \"resolved\": \"https://registry.npmjs.org/is-decimal/-/is-decimal-2.0.1.tgz\",\n      \"integrity\": \"sha512-AAB9hiomQs5DXWcRB1rqsxGUstbRroFOPPVAomNk/3XHR5JyEZChOyTWe2oayKnsSsr/kcGqF+z6yuH6HHpN0A==\",\n      \"license\": \"MIT\",\n      \"funding\": {\n        \"type\": \"github\",\n        \"url\": \"https://github.com/sponsors/wooorm\"\n      }\n    },"}