{"chunk":89,"numChunks":252,"fileHash":"uosZxi4dBSfu8Vg45yRueuIDfDVG+VKDRJUui7BOpAw=","filePath":"package-lock.json","content":"{\n  \"packages\": {\n    \"node_modules/esbuild\": {\n      \"optionalDependencies\": {\n        \"@esbuild/aix-ppc64\": \"0.25.11\",\n        \"@esbuild/android-arm\": \"0.25.11\",\n        \"@esbuild/android-arm64\": \"0.25.11\",\n        \"@esbuild/android-x64\": \"0.25.11\",\n        \"@esbuild/darwin-arm64\": \"0.25.11\",\n        \"@esbuild/darwin-x64\": \"0.25.11\",\n        \"@esbuild/freebsd-arm64\": \"0.25.11\",\n        \"@esbuild/freebsd-x64\": \"0.25.11\",\n        \"@esbuild/linux-arm\": \"0.25.11\",\n        \"@esbuild/linux-arm64\": \"0.25.11\",\n        \"@esbuild/linux-ia32\": \"0.25.11\",\n        \"@esbuild/linux-loong64\": \"0.25.11\","}