{"chunk":160,"numChunks":252,"fileHash":"uosZxi4dBSfu8Vg45yRueuIDfDVG+VKDRJUui7BOpAw=","filePath":"package-lock.json","content":"{\n  \"packages\": {\n    \"node_modules/mdast-util-to-hast\": {\n      \"version\": \"13.2.0\",\n      \"resolved\": \"https://registry.npmjs.org/mdast-util-to-hast/-/mdast-util-to-hast-13.2.0.tgz\",\n      \"integrity\": \"sha512-QGYKEuUsYT9ykKBCMOEDLsU5JRObWQusAolFMeko/tYPufNkRffBAQjIE+99jbA87xv6FgmjLtwjh9wBWajwAA==\",\n      \"license\": \"MIT\",\n      \"dependencies\": {\n        \"@types/hast\": \"^3.0.0\",\n        \"@types/mdast\": \"^4.0.0\",\n        \"@ungap/structured-clone\": \"^1.0.0\",\n        \"devlop\": \"^1.0.0\",\n        \"micromark-util-sanitize-uri\": \"^2.0.0\",\n        \"trim-lines\": \"^3.0.0\",\n        \"unist-util-position\": \"^5.0.0\",\n        \"unist-util-visit\": \"^5.0.0\",\n        \"vfile\": \"^6.0.0\"\n      },\n      \"funding\": {\n        \"type\": \"opencollective\",\n        \"url\": \"https://opencollective.com/unified\"\n      }\n    },"}