{"chunk":205,"numChunks":252,"fileHash":"uosZxi4dBSfu8Vg45yRueuIDfDVG+VKDRJUui7BOpAw=","filePath":"package-lock.json","content":"{\n  \"packages\": {\n    \"node_modules/path-exists\": {\n      \"version\": \"4.0.0\",\n      \"resolved\": \"https://registry.npmjs.org/path-exists/-/path-exists-4.0.0.tgz\",\n      \"integrity\": \"sha512-ak9Qy5Q7jYb2Wwcey5Fpvg2KoAc/ZIhLSLOSBmRmygPsGwkVVt0fZa0qrtMz+m6tJTAHfZQ8FnmB4MG4LWy7/w==\",\n      \"dev\": true,\n      \"license\": \"MIT\",\n      \"engines\": {\n        \"node\": \">=8\"\n      }\n    },\n    \"node_modules/path-key\": {\n      \"version\": \"3.1.1\",\n      \"resolved\": \"https://registry.npmjs.org/path-key/-/path-key-3.1.1.tgz\",\n      \"integrity\": \"sha512-ojmeN0qd+y0jszEtoY48r0Peq5dwMEkIlCOu6Q5f41lfkswXuKtYrhgoTpLnyIcHm24Uhqx+5Tqm2InSwLhE6Q==\",\n      \"dev\": true,\n      \"license\": \"MIT\",\n      \"engines\": {\n        \"node\": \">=8\"\n      }\n    },"}