{"chunk":153,"numChunks":252,"fileHash":"uosZxi4dBSfu8Vg45yRueuIDfDVG+VKDRJUui7BOpAw=","filePath":"package-lock.json","content":"{\n  \"packages\": {\n    \"node_modules/mdast-util-gfm-table\": {\n      \"version\": \"2.0.0\",\n      \"resolved\": \"https://registry.npmjs.org/mdast-util-gfm-table/-/mdast-util-gfm-table-2.0.0.tgz\",\n      \"integrity\": \"sha512-78UEvebzz/rJIxLvE7ZtDd/vIQ0RHv+3Mh5DR96p7cS7HsBhYIICDBCu8csTNWNO6tBWfqXPWekRuj2FNOGOZg==\",\n      \"license\": \"MIT\",\n      \"dependencies\": {\n        \"@types/mdast\": \"^4.0.0\",\n        \"devlop\": \"^1.0.0\",\n        \"markdown-table\": \"^3.0.0\",\n        \"mdast-util-from-markdown\": \"^2.0.0\",\n        \"mdast-util-to-markdown\": \"^2.0.0\"\n      },\n      \"funding\": {\n        \"type\": \"opencollective\",\n        \"url\": \"https://opencollective.com/unified\"\n      }\n    },"}