{"chunk":142,"numChunks":252,"fileHash":"uosZxi4dBSfu8Vg45yRueuIDfDVG+VKDRJUui7BOpAw=","filePath":"package-lock.json","content":"{\n  \"packages\": {\n    \"node_modules/keyv\": {\n      \"version\": \"4.5.4\",\n      \"resolved\": \"https://registry.npmjs.org/keyv/-/keyv-4.5.4.tgz\",\n      \"integrity\": \"sha512-oxVHkHR/EJf2CNXnWxRLW6mg7JyCCUcG0DtEGmL2ctUo1PNTin1PUil+r/+4r5MpVgC/fn1kjsx7mjSujKqIpw==\",\n      \"dev\": true,\n      \"license\": \"MIT\",\n      \"dependencies\": {\n        \"json-buffer\": \"3.0.1\"\n      }\n    },\n    \"node_modules/levn\": {\n      \"version\": \"0.4.1\",\n      \"resolved\": \"https://registry.npmjs.org/levn/-/levn-0.4.1.tgz\",\n      \"integrity\": \"sha512-+bT2uH4E5LGE7h/n3evcS/sQlJXCpIp6ym8OWJ5eV6+67Dsql/LaaT7qJBAt2rzfoa/5QBGBhxDix1dMt2kQKQ==\",\n      \"dev\": true,\n      \"license\": \"MIT\",\n      \"dependencies\": {\n        \"prelude-ls\": \"^1.2.1\",\n        \"type-check\": \"~0.4.0\"\n      },\n      \"engines\": {\n        \"node\": \">= 0.8.0\"\n      }\n    },"}