{"chunk":69,"numChunks":252,"fileHash":"uosZxi4dBSfu8Vg45yRueuIDfDVG+VKDRJUui7BOpAw=","filePath":"package-lock.json","content":"{\n  \"packages\": {\n    \"node_modules/character-entities-html4\": {\n      \"version\": \"2.1.0\",\n      \"resolved\": \"https://registry.npmjs.org/character-entities-html4/-/character-entities-html4-2.1.0.tgz\",\n      \"integrity\": \"sha512-1v7fgQRj6hnSwFpq1Eu0ynr/CDEw0rXo2B61qXrLNdHZmPKgb7fqS1a2JwF0rISo9q77jDI8VMEHoApn8qDoZA==\",\n      \"license\": \"MIT\",\n      \"funding\": {\n        \"type\": \"github\",\n        \"url\": \"https://github.com/sponsors/wooorm\"\n      }\n    },\n    \"node_modules/character-entities-legacy\": {\n      \"version\": \"3.0.0\",\n      \"resolved\": \"https://registry.npmjs.org/character-entities-legacy/-/character-entities-legacy-3.0.0.tgz\",\n      \"integrity\": \"sha512-RpPp0asT/6ufRm//AJVwpViZbGM/MkjQFxJccQRHmISF/22NBtsHqAWmL+/pmkPWoIUJdWyeVleTl1wydHATVQ==\",\n      \"license\": \"MIT\",\n      \"funding\": {\n        \"type\": \"github\",\n        \"url\": \"https://github.com/sponsors/wooorm\"\n      }\n    },"}