{"chunk":0,"numChunks":1,"fileHash":"sKTs+2ZFC0LMTeDvLu58uAN/ORrZ82yrpzKF3Qh76eI=","filePath":"src/api/axios.js","content":"// src/api/axios.js\r\nimport axios from 'axios';\r\n\r\nconst apiClient = axios.create({\r\n    baseURL: 'http://localhost:3000/api', // 后端API的基础路径\r\n    headers: {\r\n        'Content-Type': 'application/json',\r\n    },\r\n});\r\n\r\n// 添加一个请求拦截器\r\napiClient.interceptors.request.use(\r\n    (config) => {\r\n        const token = localStorage.getItem('token'); // 从localStorage获取token\r\n        if (token) {\r\n            config.headers['x-auth-token'] = token; // 将token添加到请求头\r\n        }\r\n        return config;\r\n    },\r\n    (error) => {\r\n        return Promise.reject(error);\r\n    }\r\n);\r\n\r\nexport default apiClient;"}