{"chunk":208,"numChunks":252,"fileHash":"uosZxi4dBSfu8Vg45yRueuIDfDVG+VKDRJUui7BOpAw=","filePath":"package-lock.json","content":"{\n  \"packages\": {\n    \"node_modules/prelude-ls\": {\n      \"version\": \"1.2.1\",\n      \"resolved\": \"https://registry.npmjs.org/prelude-ls/-/prelude-ls-1.2.1.tgz\",\n      \"integrity\": \"sha512-vkcDPrRZo1QZLbn5RLGPpg/WmIQ65qoWWhcGKf/b5eplkkarX0m9z8ppCat4mlOqUsWpyNuYgO3VRyrYHSzX5g==\",\n      \"dev\": true,\n      \"license\": \"MIT\",\n      \"engines\": {\n        \"node\": \">= 0.8.0\"\n      }\n    },\n    \"node_modules/prop-types\": {\n      \"version\": \"15.8.1\",\n      \"resolved\": \"https://registry.npmjs.org/prop-types/-/prop-types-15.8.1.tgz\",\n      \"integrity\": \"sha512-oj87CgZICdulUohogVAR7AjlC0327U4el4L6eAvOqCeudMDVU0NThNaV+b9Df4dXgSP1gXMTnPdhfe/2qDH5cg==\",\n      \"license\": \"MIT\",\n      \"peer\": true,\n      \"dependencies\": {\n        \"loose-envify\": \"^1.4.0\",\n        \"object-assign\": \"^4.1.1\",\n        \"react-is\": \"^16.13.1\"\n      }\n    },"}