{"chunk":99,"numChunks":252,"fileHash":"uosZxi4dBSfu8Vg45yRueuIDfDVG+VKDRJUui7BOpAw=","filePath":"package-lock.json","content":"{\n  \"packages\": {\n    \"node_modules/eslint-plugin-react-hooks\": {\n      \"version\": \"5.2.0\",\n      \"resolved\": \"https://registry.npmjs.org/eslint-plugin-react-hooks/-/eslint-plugin-react-hooks-5.2.0.tgz\",\n      \"integrity\": \"sha512-+f15FfK64YQwZdJNELETdn5ibXEUQmW1DZL6KXhNnc2heoy/sg9VJJeT7n8TlMWouzWqSWavFkIhHyIbIAEapg==\",\n      \"dev\": true,\n      \"license\": \"MIT\",\n      \"engines\": {\n        \"node\": \">=10\"\n      },\n      \"peerDependencies\": {\n        \"eslint\": \"^3.0.0 || ^4.0.0 || ^5.0.0 || ^6.0.0 || ^7.0.0 || ^8.0.0-0 || ^9.0.0\"\n      }\n    },\n    \"node_modules/eslint-plugin-react-refresh\": {\n      \"version\": \"0.4.24\",\n      \"resolved\": \"https://registry.npmjs.org/eslint-plugin-react-refresh/-/eslint-plugin-react-refresh-0.4.24.tgz\",\n      \"integrity\": \"sha512-nLHIW7TEq3aLrEYWpVaJ1dRgFR+wLDPN8e8FpYAql/bMV2oBEfC37K0gLEGgv9fy66juNShSMV8OkTqzltcG/w==\",\n      \"dev\": true,\n      \"license\": \"MIT\",\n      \"peerDependencies\": {\n        \"eslint\": \">=8.40\"\n      }\n    },"}