{"chunk":146,"numChunks":252,"fileHash":"uosZxi4dBSfu8Vg45yRueuIDfDVG+VKDRJUui7BOpAw=","filePath":"package-lock.json","content":"{\n  \"packages\": {\n    \"node_modules/math-intrinsics\": {\n      \"version\": \"1.1.0\",\n      \"resolved\": \"https://registry.npmjs.org/math-intrinsics/-/math-intrinsics-1.1.0.tgz\",\n      \"integrity\": \"sha512-/IXtbwEk5HTPyEwyKX6hGkYXxM9nbj64B+ilVJnC/R6B0pH5G4V3b0pVbL7DBj4tkhBAppbQUlf6F6Xl9LHu1g==\",\n      \"license\": \"MIT\",\n      \"engines\": {\n        \"node\": \">= 0.4\"\n      }\n    },\n    \"node_modules/mdast-util-find-and-replace\": {\n      \"version\": \"3.0.2\",\n      \"resolved\": \"https://registry.npmjs.org/mdast-util-find-and-replace/-/mdast-util-find-and-replace-3.0.2.tgz\",\n      \"integrity\": \"sha512-Tmd1Vg/m3Xz43afeNxDIhWRtFZgM2VLyaf4vSTYwudTyeuTneoL3qtWMA5jeLyz/O1vDJmmV4QuScFCA2tBPwg==\",\n      \"license\": \"MIT\",\n      \"dependencies\": {\n        \"@types/mdast\": \"^4.0.0\",\n        \"escape-string-regexp\": \"^5.0.0\",\n        \"unist-util-is\": \"^6.0.0\",\n        \"unist-util-visit-parents\": \"^6.0.0\"\n      },\n      \"funding\": {\n        \"type\": \"opencollective\",\n        \"url\": \"https://opencollective.com/unified\"\n      }\n    },"}