{"chunk":131,"numChunks":252,"fileHash":"uosZxi4dBSfu8Vg45yRueuIDfDVG+VKDRJUui7BOpAw=","filePath":"package-lock.json","content":"{\n  \"packages\": {\n    \"node_modules/import-fresh\": {\n      \"version\": \"3.3.1\",\n      \"resolved\": \"https://registry.npmjs.org/import-fresh/-/import-fresh-3.3.1.tgz\",\n      \"integrity\": \"sha512-TR3KfrTZTYLPB6jUjfx6MF9WcWrHL9su5TObK4ZkYgBdWKPOFoSoQIdEuTuR82pmtxH2spWG9h6etwfr1pLBqQ==\",\n      \"dev\": true,\n      \"license\": \"MIT\",\n      \"dependencies\": {\n        \"parent-module\": \"^1.0.0\",\n        \"resolve-from\": \"^4.0.0\"\n      },\n      \"engines\": {\n        \"node\": \">=6\"\n      },\n      \"funding\": {\n        \"url\": \"https://github.com/sponsors/sindresorhus\"\n      }\n    },\n    \"node_modules/imurmurhash\": {\n      \"version\": \"0.1.4\",\n      \"resolved\": \"https://registry.npmjs.org/imurmurhash/-/imurmurhash-0.1.4.tgz\",\n      \"integrity\": \"sha512-JmXMZ6wuvDmLiHEml9ykzqO6lwFbof0GG4IkcGaENdCRDDmMVnny7s5HsIgHCbaq0w2MyPhDqkhTUgS2LU2PHA==\",\n      \"dev\": true,\n      \"license\": \"MIT\",\n      \"engines\": {\n        \"node\": \">=0.8.19\"\n      }\n    },"}