{"chunk":103,"numChunks":252,"fileHash":"uosZxi4dBSfu8Vg45yRueuIDfDVG+VKDRJUui7BOpAw=","filePath":"package-lock.json","content":"{\n  \"packages\": {\n    \"node_modules/esquery\": {\n      \"version\": \"1.6.0\",\n      \"resolved\": \"https://registry.npmjs.org/esquery/-/esquery-1.6.0.tgz\",\n      \"integrity\": \"sha512-ca9pw9fomFcKPvFLXhBKUK90ZvGibiGOvRJNbjljY7s7uq/5YO4BOzcYtJqExdx99rF6aAcnRxHmcUHcz6sQsg==\",\n      \"dev\": true,\n      \"license\": \"BSD-3-Clause\",\n      \"dependencies\": {\n        \"estraverse\": \"^5.1.0\"\n      },\n      \"engines\": {\n        \"node\": \">=0.10\"\n      }\n    },\n    \"node_modules/esrecurse\": {\n      \"version\": \"4.3.0\",\n      \"resolved\": \"https://registry.npmjs.org/esrecurse/-/esrecurse-4.3.0.tgz\",\n      \"integrity\": \"sha512-KmfKL3b6G+RXvP8N1vr3Tq1kL/oCFgn2NYXEtqP8/L3pKapUA4G8cFVaoF3SU323CD4XypR/ffioHmkti6/Tag==\",\n      \"dev\": true,\n      \"license\": \"BSD-2-Clause\",\n      \"dependencies\": {\n        \"estraverse\": \"^5.2.0\"\n      },\n      \"engines\": {\n        \"node\": \">=4.0\"\n      }\n    },"}