{"chunk":2,"numChunks":252,"fileHash":"uosZxi4dBSfu8Vg45yRueuIDfDVG+VKDRJUui7BOpAw=","filePath":"package-lock.json","content":"{\n  \"packages\": {\n    \"\": {\n      \"name\": \"feynman-platform-frontend\",\n      \"version\": \"0.0.0\",\n      \"dependencies\": {\n        \"axios\": \"^1.12.2\",\n        \"dompurify\": \"^3.3.0\",\n        \"react\": \"^18.2.0\",\n        \"react-dom\": \"^18.2.0\",\n        \"react-katex\": \"^3.1.0\",\n        \"react-markdown\": \"^10.1.0\",\n        \"react-quill\": \"^2.0.0\",\n        \"react-router-dom\": \"^7.9.4\",\n        \"rehype-katex\": \"^7.0.1\",\n        \"remark-gfm\": \"^4.0.1\",\n        \"remark-math\": \"^6.0.0\"\n      },\n      \"devDependencies\": {\n        \"@eslint/js\": \"^9.36.0\",\n        \"@types/react\": \"^19.1.16\",\n        \"@types/react-dom\": \"^19.1.9\",\n        \"@vitejs/plugin-react-swc\": \"^4.1.0\",\n        \"eslint\": \"^9.36.0\",\n        \"eslint-plugin-react-hooks\": \"^5.2.0\",\n        \"eslint-plugin-react-refresh\": \"^0.4.22\",\n        \"globals\": \"^16.4.0\",\n        \"vite\": \"^7.1.7\"\n      }\n    },"}