{"chunk":5,"numChunks":252,"fileHash":"uosZxi4dBSfu8Vg45yRueuIDfDVG+VKDRJUui7BOpAw=","filePath":"package-lock.json","content":"{\n  \"packages\": {\n    \"node_modules/@esbuild/darwin-arm64\": {\n      \"version\": \"0.25.11\",\n      \"resolved\": \"https://registry.npmjs.org/@esbuild/darwin-arm64/-/darwin-arm64-0.25.11.tgz\",\n      \"integrity\": \"sha512-VekY0PBCukppoQrycFxUqkCojnTQhdec0vevUL/EDOCnXd9LKWqD/bHwMPzigIJXPhC59Vd1WFIL57SKs2mg4w==\",\n      \"cpu\": [\n        \"arm64\"\n      ],\n      \"dev\": true,\n      \"license\": \"MIT\",\n      \"optional\": true,\n      \"os\": [\n        \"darwin\"\n      ],\n      \"engines\": {\n        \"node\": \">=18\"\n      }\n    },\n    \"node_modules/@esbuild/darwin-x64\": {\n      \"version\": \"0.25.11\",\n      \"resolved\": \"https://registry.npmjs.org/@esbuild/darwin-x64/-/darwin-x64-0.25.11.tgz\",\n      \"integrity\": \"sha512-+hfp3yfBalNEpTGp9loYgbknjR695HkqtY3d3/JjSRUyPg/xd6q+mQqIb5qdywnDxRZykIHs3axEqU6l1+oWEQ==\",\n      \"cpu\": [\n        \"x64\"\n      ],\n      \"dev\": true,\n      \"license\": \"MIT\",\n      \"optional\": true,\n      \"os\": [\n        \"darwin\"\n      ],\n      \"engines\": {\n        \"node\": \">=18\"\n      }\n    },"}