{"chunk":15,"numChunks":252,"fileHash":"uosZxi4dBSfu8Vg45yRueuIDfDVG+VKDRJUui7BOpAw=","filePath":"package-lock.json","content":"{\n  \"packages\": {\n    \"node_modules/@esbuild/win32-ia32\": {\n      \"version\": \"0.25.11\",\n      \"resolved\": \"https://registry.npmjs.org/@esbuild/win32-ia32/-/win32-ia32-0.25.11.tgz\",\n      \"integrity\": \"sha512-3ukss6gb9XZ8TlRyJlgLn17ecsK4NSQTmdIXRASVsiS2sQ6zPPZklNJT5GR5tE/MUarymmy8kCEf5xPCNCqVOA==\",\n      \"cpu\": [\n        \"ia32\"\n      ],\n      \"dev\": true,\n      \"license\": \"MIT\",\n      \"optional\": true,\n      \"os\": [\n        \"win32\"\n      ],\n      \"engines\": {\n        \"node\": \">=18\"\n      }\n    },\n    \"node_modules/@esbuild/win32-x64\": {\n      \"version\": \"0.25.11\",\n      \"resolved\": \"https://registry.npmjs.org/@esbuild/win32-x64/-/win32-x64-0.25.11.tgz\",\n      \"integrity\": \"sha512-D7Hpz6A2L4hzsRpPaCYkQnGOotdUpDzSGRIv9I+1ITdHROSFUWW95ZPZWQmGka1Fg7W3zFJowyn9WGwMJ0+KPA==\",\n      \"cpu\": [\n        \"x64\"\n      ],\n      \"dev\": true,\n      \"license\": \"MIT\",\n      \"optional\": true,\n      \"os\": [\n        \"win32\"\n      ],\n      \"engines\": {\n        \"node\": \">=18\"\n      }\n    },"}