{"chunk":61,"numChunks":252,"fileHash":"uosZxi4dBSfu8Vg45yRueuIDfDVG+VKDRJUui7BOpAw=","filePath":"package-lock.json","content":"{\n  \"packages\": {\n    \"node_modules/asynckit\": {\n      \"version\": \"0.4.0\",\n      \"resolved\": \"https://registry.npmjs.org/asynckit/-/asynckit-0.4.0.tgz\",\n      \"integrity\": \"sha512-Oei9OH4tRh0YqU3GxhX79dM/mwVgvbZJaSNaRk+bshkj0S5cfHcgYakreBjrHwatXKbz+IoIdYLxrKim2MjW0Q==\",\n      \"license\": \"MIT\"\n    },\n    \"node_modules/axios\": {\n      \"version\": \"1.12.2\",\n      \"resolved\": \"https://registry.npmjs.org/axios/-/axios-1.12.2.tgz\",\n      \"integrity\": \"sha512-vMJzPewAlRyOgxV2dU0Cuz2O8zzzx9VYtbJOaBgXFeLc4IV/Eg50n4LowmehOOR61S8ZMpc2K5Sa7g6A4jfkUw==\",\n      \"license\": \"MIT\",\n      \"dependencies\": {\n        \"follow-redirects\": \"^1.15.6\",\n        \"form-data\": \"^4.0.4\",\n        \"proxy-from-env\": \"^1.1.0\"\n      }\n    },"}