{"chunk":39,"numChunks":252,"fileHash":"uosZxi4dBSfu8Vg45yRueuIDfDVG+VKDRJUui7BOpAw=","filePath":"package-lock.json","content":"{\n  \"packages\": {\n    \"node_modules/@swc/core\": {\n      \"version\": \"1.13.5\",\n      \"resolved\": \"https://registry.npmjs.org/@swc/core/-/core-1.13.5.tgz\",\n      \"integrity\": \"sha512-WezcBo8a0Dg2rnR82zhwoR6aRNxeTGfK5QCD6TQ+kg3xx/zNT02s/0o+81h/3zhvFSB24NtqEr8FTw88O5W/JQ==\",\n      \"dev\": true,\n      \"hasInstallScript\": true,\n      \"license\": \"Apache-2.0\",\n      \"dependencies\": {\n        \"@swc/counter\": \"^0.1.3\",\n        \"@swc/types\": \"^0.1.24\"\n      },\n      \"engines\": {\n        \"node\": \">=10\"\n      },\n      \"funding\": {\n        \"type\": \"opencollective\",\n        \"url\": \"https://opencollective.com/swc\"\n      },"}