{"chunk":176,"numChunks":252,"fileHash":"uosZxi4dBSfu8Vg45yRueuIDfDVG+VKDRJUui7BOpAw=","filePath":"package-lock.json","content":"{\n  \"packages\": {\n    \"node_modules/micromark-extension-math\": {\n      \"version\": \"3.1.0\",\n      \"resolved\": \"https://registry.npmjs.org/micromark-extension-math/-/micromark-extension-math-3.1.0.tgz\",\n      \"integrity\": \"sha512-lvEqd+fHjATVs+2v/8kg9i5Q0AP2k85H0WUOwpIVvUML8BapsMvh1XAogmQjOCsLpoKRCVQqEkQBB3NhVBcsOg==\",\n      \"license\": \"MIT\",\n      \"dependencies\": {\n        \"@types/katex\": \"^0.16.0\",\n        \"devlop\": \"^1.0.0\",\n        \"katex\": \"^0.16.0\",\n        \"micromark-factory-space\": \"^2.0.0\",\n        \"micromark-util-character\": \"^2.0.0\",\n        \"micromark-util-symbol\": \"^2.0.0\",\n        \"micromark-util-types\": \"^2.0.0\"\n      },\n      \"funding\": {\n        \"type\": \"opencollective\",\n        \"url\": \"https://opencollective.com/unified\"\n      }\n    },"}