{"chunk":97,"numChunks":252,"fileHash":"uosZxi4dBSfu8Vg45yRueuIDfDVG+VKDRJUui7BOpAw=","filePath":"package-lock.json","content":"{\n  \"packages\": {\n    \"node_modules/eslint\": {\n      \"dependencies\": {\n        \"cross-spawn\": \"^7.0.6\",\n        \"debug\": \"^4.3.2\",\n        \"escape-string-regexp\": \"^4.0.0\",\n        \"eslint-scope\": \"^8.4.0\",\n        \"eslint-visitor-keys\": \"^4.2.1\",\n        \"espree\": \"^10.4.0\",\n        \"esquery\": \"^1.5.0\",\n        \"esutils\": \"^2.0.2\",\n        \"fast-deep-equal\": \"^3.1.3\",\n        \"file-entry-cache\": \"^8.0.0\",\n        \"find-up\": \"^5.0.0\",\n        \"glob-parent\": \"^6.0.2\",\n        \"ignore\": \"^5.2.0\",\n        \"imurmurhash\": \"^0.1.4\",\n        \"is-glob\": \"^4.0.0\",\n        \"json-stable-stringify-without-jsonify\": \"^1.0.1\","}