{"chunk":148,"numChunks":252,"fileHash":"uosZxi4dBSfu8Vg45yRueuIDfDVG+VKDRJUui7BOpAw=","filePath":"package-lock.json","content":"{\n  \"packages\": {\n    \"node_modules/mdast-util-from-markdown\": {\n      \"version\": \"2.0.2\",\n      \"resolved\": \"https://registry.npmjs.org/mdast-util-from-markdown/-/mdast-util-from-markdown-2.0.2.tgz\",\n      \"integrity\": \"sha512-uZhTV/8NBuw0WHkPTrCqDOl0zVe1BIng5ZtHoDk49ME1qqcjYmmLmOf0gELgcRMxN4w2iuIeVso5/6QymSrgmA==\",\n      \"license\": \"MIT\",\n      \"dependencies\": {\n        \"@types/mdast\": \"^4.0.0\",\n        \"@types/unist\": \"^3.0.0\",\n        \"decode-named-character-reference\": \"^1.0.0\",\n        \"devlop\": \"^1.0.0\",\n        \"mdast-util-to-string\": \"^4.0.0\",\n        \"micromark\": \"^4.0.0\",\n        \"micromark-util-decode-numeric-character-reference\": \"^2.0.0\",\n        \"micromark-util-decode-string\": \"^2.0.0\",\n        \"micromark-util-normalize-identifier\": \"^2.0.0\",\n        \"micromark-util-symbol\": \"^2.0.0\",\n        \"micromark-util-types\": \"^2.0.0\",\n        \"unist-util-stringify-position\": \"^4.0.0\"\n      },\n      \"funding\": {\n        \"type\": \"opencollective\",\n        \"url\": \"https://opencollective.com/unified\"\n      }\n    },"}