{"chunk":164,"numChunks":252,"fileHash":"uosZxi4dBSfu8Vg45yRueuIDfDVG+VKDRJUui7BOpAw=","filePath":"package-lock.json","content":"{\n  \"packages\": {\n    \"node_modules/micromark\": {\n      \"version\": \"4.0.2\",\n      \"resolved\": \"https://registry.npmjs.org/micromark/-/micromark-4.0.2.tgz\",\n      \"integrity\": \"sha512-zpe98Q6kvavpCr1NPVSCMebCKfD7CA2NqZ+rykeNhONIJBpc1tFKt9hucLGwha3jNTNI8lHpctWJWoimVF4PfA==\",\n      \"funding\": [\n        {\n          \"type\": \"GitHub Sponsors\",\n          \"url\": \"https://github.com/sponsors/unifiedjs\"\n        },\n        {\n          \"type\": \"OpenCollective\",\n          \"url\": \"https://opencollective.com/unified\"\n        }\n      ],\n      \"license\": \"MIT\","}