{"chunk":26,"numChunks":252,"fileHash":"uosZxi4dBSfu8Vg45yRueuIDfDVG+VKDRJUui7BOpAw=","filePath":"package-lock.json","content":"{\n  \"packages\": {\n    \"node_modules/@rolldown/pluginutils\": {\n      \"version\": \"1.0.0-beta.35\",\n      \"resolved\": \"https://registry.npmjs.org/@rolldown/pluginutils/-/pluginutils-1.0.0-beta.35.tgz\",\n      \"integrity\": \"sha512-slYrCpoxJUqzFDDNlvrOYRazQUNRvWPjXA17dAOISY3rDMxX6k8K4cj2H+hEYMHF81HO3uNd5rHVigAWRM5dSg==\",\n      \"dev\": true,\n      \"license\": \"MIT\"\n    },\n    \"node_modules/@rollup/rollup-android-arm-eabi\": {\n      \"version\": \"4.52.5\",\n      \"resolved\": \"https://registry.npmjs.org/@rollup/rollup-android-arm-eabi/-/rollup-android-arm-eabi-4.52.5.tgz\",\n      \"integrity\": \"sha512-8c1vW4ocv3UOMp9K+gToY5zL2XiiVw3k7f1ksf4yO1FlDFQ1C2u72iACFnSOceJFsWskc2WZNqeRhFRPzv+wtQ==\",\n      \"cpu\": [\n        \"arm\"\n      ],\n      \"dev\": true,\n      \"license\": \"MIT\",\n      \"optional\": true,\n      \"os\": [\n        \"android\"\n      ]\n    },"}