{"chunk":96,"numChunks":252,"fileHash":"uosZxi4dBSfu8Vg45yRueuIDfDVG+VKDRJUui7BOpAw=","filePath":"package-lock.json","content":"{\n  \"packages\": {\n    \"node_modules/eslint\": {\n      \"dependencies\": {\n        \"@eslint-community/eslint-utils\": \"^4.8.0\",\n        \"@eslint-community/regexpp\": \"^4.12.1\",\n        \"@eslint/config-array\": \"^0.21.1\",\n        \"@eslint/config-helpers\": \"^0.4.1\",\n        \"@eslint/core\": \"^0.16.0\",\n        \"@eslint/eslintrc\": \"^3.3.1\",\n        \"@eslint/js\": \"9.38.0\",\n        \"@eslint/plugin-kit\": \"^0.4.0\",\n        \"@humanfs/node\": \"^0.16.6\",\n        \"@humanwhocodes/module-importer\": \"^1.0.1\",\n        \"@humanwhocodes/retry\": \"^0.4.2\",\n        \"@types/estree\": \"^1.0.6\",\n        \"ajv\": \"^6.12.4\",\n        \"chalk\": \"^4.0.0\","}