{"chunk":31,"numChunks":252,"fileHash":"uosZxi4dBSfu8Vg45yRueuIDfDVG+VKDRJUui7BOpAw=","filePath":"package-lock.json","content":"{\n  \"packages\": {\n    \"node_modules/@rollup/rollup-linux-arm64-musl\": {\n      \"version\": \"4.52.5\",\n      \"resolved\": \"https://registry.npmjs.org/@rollup/rollup-linux-arm64-musl/-/rollup-linux-arm64-musl-4.52.5.tgz\",\n      \"integrity\": \"sha512-AvttBOMwO9Pcuuf7m9PkC1PUIKsfaAJ4AYhy944qeTJgQOqJYJ9oVl2nYgY7Rk0mkbsuOpCAYSs6wLYB2Xiw0Q==\",\n      \"cpu\": [\n        \"arm64\"\n      ],\n      \"dev\": true,\n      \"license\": \"MIT\",\n      \"optional\": true,\n      \"os\": [\n        \"linux\"\n      ]\n    },\n    \"node_modules/@rollup/rollup-linux-loong64-gnu\": {\n      \"version\": \"4.52.5\",\n      \"resolved\": \"https://registry.npmjs.org/@rollup/rollup-linux-loong64-gnu/-/rollup-linux-loong64-gnu-4.52.5.tgz\",\n      \"integrity\": \"sha512-DkDk8pmXQV2wVrF6oq5tONK6UHLz/XcEVow4JTTerdeV1uqPeHxwcg7aFsfnSm9L+OO8WJsWotKM2JJPMWrQtA==\",\n      \"cpu\": [\n        \"loong64\"\n      ],\n      \"dev\": true,\n      \"license\": \"MIT\",\n      \"optional\": true,\n      \"os\": [\n        \"linux\"\n      ]\n    },"}