{"chunk":77,"numChunks":252,"fileHash":"uosZxi4dBSfu8Vg45yRueuIDfDVG+VKDRJUui7BOpAw=","filePath":"package-lock.json","content":"{\n  \"packages\": {\n    \"node_modules/deep-equal\": {\n      \"version\": \"1.1.2\",\n      \"resolved\": \"https://registry.npmjs.org/deep-equal/-/deep-equal-1.1.2.tgz\",\n      \"integrity\": \"sha512-5tdhKF6DbU7iIzrIOa1AOUt39ZRm13cmL1cGEh//aqR8x9+tNfbywRf0n5FD/18OKMdo7DNEtrX2t22ZAkI+eg==\",\n      \"license\": \"MIT\",\n      \"dependencies\": {\n        \"is-arguments\": \"^1.1.1\",\n        \"is-date-object\": \"^1.0.5\",\n        \"is-regex\": \"^1.1.4\",\n        \"object-is\": \"^1.1.5\",\n        \"object-keys\": \"^1.1.1\",\n        \"regexp.prototype.flags\": \"^1.5.1\"\n      },\n      \"engines\": {\n        \"node\": \">= 0.4\"\n      },\n      \"funding\": {\n        \"url\": \"https://github.com/sponsors/ljharb\"\n      }\n    },\n    \"node_modules/deep-is\": {\n      \"version\": \"0.1.4\",\n      \"resolved\": \"https://registry.npmjs.org/deep-is/-/deep-is-0.1.4.tgz\",\n      \"integrity\": \"sha512-oIPzksmTg4/MriiaYGO+okXDT7ztn/w3Eptv/+gSIdMdKsJo0u4CfYNFJPy+4SKMuCqGw2wxnA+URMg3t8a/bQ==\",\n      \"dev\": true,\n      \"license\": \"MIT"}