{"chunk":107,"numChunks":252,"fileHash":"uosZxi4dBSfu8Vg45yRueuIDfDVG+VKDRJUui7BOpAw=","filePath":"package-lock.json","content":"{\n  \"packages\": {\n    \"node_modules/fast-diff\": {\n      \"version\": \"1.1.2\",\n      \"resolved\": \"https://registry.npmjs.org/fast-diff/-/fast-diff-1.1.2.tgz\",\n      \"integrity\": \"sha512-KaJUt+M9t1qaIteSvjc6P3RbMdXsNhK61GRftR6SNxqmhthcd9MGIi4T+o0jD8LUSpSnSKXE20nLtJ3fOHxQig==\",\n      \"license\": \"Apache-2.0\"\n    },\n    \"node_modules/fast-json-stable-stringify\": {\n      \"version\": \"2.1.0\",\n      \"resolved\": \"https://registry.npmjs.org/fast-json-stable-stringify/-/fast-json-stable-stringify-2.1.0.tgz\",\n      \"integrity\": \"sha512-lhd/wF+Lk98HZoTCtlVraHtfh5XYijIjalXck7saUtuanSDyLMxnHhSXEDJqHxD7msR8D0uCmqlkwjCV8xvwHw==\",\n      \"dev\": true,\n      \"license\": \"MIT\"\n    },"}