{"chunk":65,"numChunks":252,"fileHash":"uosZxi4dBSfu8Vg45yRueuIDfDVG+VKDRJUui7BOpAw=","filePath":"package-lock.json","content":"{\n  \"packages\": {\n    \"node_modules/call-bind-apply-helpers\": {\n      \"version\": \"1.0.2\",\n      \"resolved\": \"https://registry.npmjs.org/call-bind-apply-helpers/-/call-bind-apply-helpers-1.0.2.tgz\",\n      \"integrity\": \"sha512-Sp1ablJ0ivDkSzjcaJdxEunN5/XvksFJ2sMBFfq6x0ryhQV/2b/KwFe21cMpmHtPOSij8K99/wSfoEuTObmuMQ==\",\n      \"license\": \"MIT\",\n      \"dependencies\": {\n        \"es-errors\": \"^1.3.0\",\n        \"function-bind\": \"^1.1.2\"\n      },\n      \"engines\": {\n        \"node\": \">= 0.4\"\n      }\n    },\n    \"node_modules/call-bound\": {\n      \"version\": \"1.0.4\",\n      \"resolved\": \"https://registry.npmjs.org/call-bound/-/call-bound-1.0.4.tgz\",\n      \"integrity\": \"sha512-+ys997U96po4Kx/ABpBCqhA9EuxJaQWDQg7295H4hBphv3IZg0boBKuwYpt4YXp6MZ5AmZQnU/tyMTlRpaSejg==\",\n      \"license\": \"MIT\",\n      \"dependencies\": {\n        \"call-bind-apply-helpers\": \"^1.0.2\",\n        \"get-intrinsic\": \"^1.3.0\"\n      },\n      \"engines\": {\n        \"node\": \">= 0.4\"\n      },\n      \"funding\": {\n        \"url\": \"https://github.com/sponsors/ljharb\"\n     "}