{"chunk":144,"numChunks":252,"fileHash":"uosZxi4dBSfu8Vg45yRueuIDfDVG+VKDRJUui7BOpAw=","filePath":"package-lock.json","content":"{\n  \"packages\": {\n    \"node_modules/lodash.merge\": {\n      \"version\": \"4.6.2\",\n      \"resolved\": \"https://registry.npmjs.org/lodash.merge/-/lodash.merge-4.6.2.tgz\",\n      \"integrity\": \"sha512-0KpjqXRVvrYyCsX1swR/XTK0va6VQkQM6MNo7PqW77ByjAhoARA8EfrP1N4+KlKj8YS0ZUCtRT/YUuhyYDujIQ==\",\n      \"dev\": true,\n      \"license\": \"MIT\"\n    },\n    \"node_modules/longest-streak\": {\n      \"version\": \"3.1.0\",\n      \"resolved\": \"https://registry.npmjs.org/longest-streak/-/longest-streak-3.1.0.tgz\",\n      \"integrity\": \"sha512-9Ri+o0JYgehTaVBBDoMqIl8GXtbWg711O3srftcHhZ0dqnETqLaoIK0x17fUw9rFSlK/0NlsKe0Ahhyl5pXE2g==\",\n      \"license\": \"MIT\",\n      \"funding\": {\n        \"type\": \"github\",\n        \"url\": \"https://github.com/sponsors/wooorm\"\n      }\n    },"}