{"chunk":162,"numChunks":252,"fileHash":"uosZxi4dBSfu8Vg45yRueuIDfDVG+VKDRJUui7BOpAw=","filePath":"package-lock.json","content":"{\n  \"packages\": {\n    \"node_modules/mdast-util-to-string\": {\n      \"version\": \"4.0.0\",\n      \"resolved\": \"https://registry.npmjs.org/mdast-util-to-string/-/mdast-util-to-string-4.0.0.tgz\",\n      \"integrity\": \"sha512-0H44vDimn51F0YwvxSJSm0eCDOJTRlmN0R1yBh4HLj9wiV1Dn0QoXGbvFAWj2hSItVTlCmBF1hqKlIyUBVFLPg==\",\n      \"license\": \"MIT\",\n      \"dependencies\": {\n        \"@types/mdast\": \"^4.0.0\"\n      },\n      \"funding\": {\n        \"type\": \"opencollective\",\n        \"url\": \"https://opencollective.com/unified\"\n      }\n    },"}