{"chunk":246,"numChunks":252,"fileHash":"uosZxi4dBSfu8Vg45yRueuIDfDVG+VKDRJUui7BOpAw=","filePath":"package-lock.json","content":"{\n  \"packages\": {\n    \"node_modules/vfile\": {\n      \"version\": \"6.0.3\",\n      \"resolved\": \"https://registry.npmjs.org/vfile/-/vfile-6.0.3.tgz\",\n      \"integrity\": \"sha512-KzIbH/9tXat2u30jf+smMwFCsno4wHVdNmzFyL+T/L3UGqqk6JKfVqOFOZEpZSHADH1k40ab6NUIXZq422ov3Q==\",\n      \"license\": \"MIT\",\n      \"dependencies\": {\n        \"@types/unist\": \"^3.0.0\",\n        \"vfile-message\": \"^4.0.0\"\n      },\n      \"funding\": {\n        \"type\": \"opencollective\",\n        \"url\": \"https://opencollective.com/unified\"\n      }\n    },\n    \"node_modules/vfile-location\": {\n      \"version\": \"5.0.3\",\n      \"resolved\": \"https://registry.npmjs.org/vfile-location/-/vfile-location-5.0.3.tgz\",\n      \"integrity\": \"sha512-5yXvWDEgqeiYiBe1lbxYF7UMAIm/IcopxMHrMQDq3nvKcjPKIhZklUKL+AE7J7uApI4kwe2snsK+eI6UTj9EHg==\",\n      \"license\": \"MIT\",\n      \"dependencies\": {\n        \"@types/unist\": \"^3.0.0\",\n        \"vfile\": \"^6.0.0\"\n      },\n      \"funding\": {\n        \"type\": \"opencollective\",\n        \"url\": \"https://opencollective.com/unified\"\n      }\n    },"}