{"chunk":114,"numChunks":252,"fileHash":"uosZxi4dBSfu8Vg45yRueuIDfDVG+VKDRJUui7BOpAw=","filePath":"package-lock.json","content":"{\n  \"packages\": {\n    \"node_modules/functions-have-names\": {\n      \"version\": \"1.2.3\",\n      \"resolved\": \"https://registry.npmjs.org/functions-have-names/-/functions-have-names-1.2.3.tgz\",\n      \"integrity\": \"sha512-xckBUXyTIqT97tq2x2AMb+g163b5JFysYk0x4qxNFwbfQkmNZoiRHb6sPzI9/QV33WeuvVYBUIiD4NzNIyqaRQ==\",\n      \"license\": \"MIT\",\n      \"funding\": {\n        \"url\": \"https://github.com/sponsors/ljharb\"\n      }\n    },"}