{"chunk":192,"numChunks":252,"fileHash":"uosZxi4dBSfu8Vg45yRueuIDfDVG+VKDRJUui7BOpAw=","filePath":"package-lock.json","content":"{\n  \"packages\": {\n    \"node_modules/micromark-util-sanitize-uri\": {\n      \"version\": \"2.0.1\",\n      \"resolved\": \"https://registry.npmjs.org/micromark-util-sanitize-uri/-/micromark-util-sanitize-uri-2.0.1.tgz\",\n      \"integrity\": \"sha512-9N9IomZ/YuGGZZmQec1MbgxtlgougxTodVwDzzEouPKo3qFWvymFHWcnDi2vzV1ff6kas9ucW+o3yzJK9YB1AQ==\",\n      \"funding\": [\n        {\n          \"type\": \"GitHub Sponsors\",\n          \"url\": \"https://github.com/sponsors/unifiedjs\"\n        },\n        {\n          \"type\": \"OpenCollective\",\n          \"url\": \"https://opencollective.com/unified\"\n        }\n      ],\n      \"license\": \"MIT\",\n      \"dependencies\": {\n        \"micromark-util-character\": \"^2.0.0\",\n        \"micromark-util-encode\": \"^2.0.0\",\n        \"micromark-util-symbol\": \"^2.0.0\"\n      }\n    },"}