{"chunk":226,"numChunks":252,"fileHash":"uosZxi4dBSfu8Vg45yRueuIDfDVG+VKDRJUui7BOpAw=","filePath":"package-lock.json","content":"{\n  \"packages\": {\n    \"node_modules/rollup\": {\n      \"version\": \"4.52.5\",\n      \"resolved\": \"https://registry.npmjs.org/rollup/-/rollup-4.52.5.tgz\",\n      \"integrity\": \"sha512-3GuObel8h7Kqdjt0gxkEzaifHTqLVW56Y/bjN7PSQtkKr0w3V/QYSdt6QWYtd7A1xUtYQigtdUfgj1RvWVtorw==\",\n      \"dev\": true,\n      \"license\": \"MIT\",\n      \"dependencies\": {\n        \"@types/estree\": \"1.0.8\"\n      },\n      \"bin\": {\n        \"rollup\": \"dist/bin/rollup\"\n      },\n      \"engines\": {\n        \"node\": \">=18.0.0\",\n        \"npm\": \">=8.0.0\"\n      },"}