{"chunk":29,"numChunks":252,"fileHash":"uosZxi4dBSfu8Vg45yRueuIDfDVG+VKDRJUui7BOpAw=","filePath":"package-lock.json","content":"{\n  \"packages\": {\n    \"node_modules/@rollup/rollup-freebsd-x64\": {\n      \"version\": \"4.52.5\",\n      \"resolved\": \"https://registry.npmjs.org/@rollup/rollup-freebsd-x64/-/rollup-freebsd-x64-4.52.5.tgz\",\n      \"integrity\": \"sha512-jr21b/99ew8ujZubPo9skbrItHEIE50WdV86cdSoRkKtmWa+DDr6fu2c/xyRT0F/WazZpam6kk7IHBerSL7LDQ==\",\n      \"cpu\": [\n        \"x64\"\n      ],\n      \"dev\": true,\n      \"license\": \"MIT\",\n      \"optional\": true,\n      \"os\": [\n        \"freebsd\"\n      ]\n    },\n    \"node_modules/@rollup/rollup-linux-arm-gnueabihf\": {\n      \"version\": \"4.52.5\",\n      \"resolved\": \"https://registry.npmjs.org/@rollup/rollup-linux-arm-gnueabihf/-/rollup-linux-arm-gnueabihf-4.52.5.tgz\",\n      \"integrity\": \"sha512-PsNAbcyv9CcecAUagQefwX8fQn9LQ4nZkpDboBOttmyffnInRy8R8dSg6hxxl2Re5QhHBf6FYIDhIj5v982ATQ==\",\n      \"cpu\": [\n        \"arm\"\n      ],\n      \"dev\": true,\n      \"license\": \"MIT\",\n      \"optional\": true,\n      \"os\": [\n        \"linux\"\n      ]\n    },"}