{"chunk":195,"numChunks":252,"fileHash":"uosZxi4dBSfu8Vg45yRueuIDfDVG+VKDRJUui7BOpAw=","filePath":"package-lock.json","content":"{\n  \"packages\": {\n    \"node_modules/micromark-util-types\": {\n      \"version\": \"2.0.2\",\n      \"resolved\": \"https://registry.npmjs.org/micromark-util-types/-/micromark-util-types-2.0.2.tgz\",\n      \"integrity\": \"sha512-Yw0ECSpJoViF1qTU4DC6NwtC4aWGt1EkzaQB8KPPyCRR8z9TWeV0HbEFGTO+ZY1wB22zmxnJqhPyTpOVCpeHTA==\",\n      \"funding\": [\n        {\n          \"type\": \"GitHub Sponsors\",\n          \"url\": \"https://github.com/sponsors/unifiedjs\"\n        },\n        {\n          \"type\": \"OpenCollective\",\n          \"url\": \"https://opencollective.com/unified\"\n        }\n      ],\n      \"license\": \"MIT\"\n    },\n    \"node_modules/mime-db\": {\n      \"version\": \"1.52.0\",\n      \"resolved\": \"https://registry.npmjs.org/mime-db/-/mime-db-1.52.0.tgz\",\n      \"integrity\": \"sha512-sPU4uV7dYlvtWJxwwxHD0PuihVNiE7TyAbQ5SWxDCB9mUYvOgroQOwYQQOKPJ8CIbE+1ETVlOoK1UC2nU3gYvg==\",\n      \"license\": \"MIT\",\n      \"engines\": {\n        \"node\": \">= 0.6\"\n      }\n    },"}