{"chunk":8,"numChunks":252,"fileHash":"uosZxi4dBSfu8Vg45yRueuIDfDVG+VKDRJUui7BOpAw=","filePath":"package-lock.json","content":"{\n  \"packages\": {\n    \"node_modules/@esbuild/linux-ia32\": {\n      \"version\": \"0.25.11\",\n      \"resolved\": \"https://registry.npmjs.org/@esbuild/linux-ia32/-/linux-ia32-0.25.11.tgz\",\n      \"integrity\": \"sha512-TmnJg8BMGPehs5JKrCLqyWTVAvielc615jbkOirATQvWWB1NMXY77oLMzsUjRLa0+ngecEmDGqt5jiDC6bfvOw==\",\n      \"cpu\": [\n        \"ia32\"\n      ],\n      \"dev\": true,\n      \"license\": \"MIT\",\n      \"optional\": true,\n      \"os\": [\n        \"linux\"\n      ],\n      \"engines\": {\n        \"node\": \">=18\"\n      }\n    },\n    \"node_modules/@esbuild/linux-loong64\": {\n      \"version\": \"0.25.11\",\n      \"resolved\": \"https://registry.npmjs.org/@esbuild/linux-loong64/-/linux-loong64-0.25.11.tgz\",\n      \"integrity\": \"sha512-DIGXL2+gvDaXlaq8xruNXUJdT5tF+SBbJQKbWy/0J7OhU8gOHOzKmGIlfTTl6nHaCOoipxQbuJi7O++ldrxgMw==\",\n      \"cpu\": [\n        \"loong64\"\n      ],\n      \"dev\": true,\n      \"license\": \"MIT\",\n      \"optional\": true,\n      \"os\": [\n        \"linux\"\n      ],\n      \"engines\": {\n        \"node\": \">=18\"\n      }\n    },"}