{"chunk":92,"numChunks":252,"fileHash":"uosZxi4dBSfu8Vg45yRueuIDfDVG+VKDRJUui7BOpAw=","filePath":"package-lock.json","content":"{\n  \"packages\": {\n    \"node_modules/escape-string-regexp\": {\n      \"version\": \"4.0.0\",\n      \"resolved\": \"https://registry.npmjs.org/escape-string-regexp/-/escape-string-regexp-4.0.0.tgz\",\n      \"integrity\": \"sha512-TtpcNJ3XAzx3Gq8sWRzJaVajRs0uVxA2YAkdb1jm2YkPz4G6egUFAyA3n5vtEIZefPk5Wa4UXbKuS5fKkJWdgA==\",\n      \"dev\": true,\n      \"license\": \"MIT\",\n      \"engines\": {\n        \"node\": \">=10\"\n      },\n      \"funding\": {\n        \"url\": \"https://github.com/sponsors/sindresorhus\"\n      }\n    },"}