{"chunk":119,"numChunks":252,"fileHash":"uosZxi4dBSfu8Vg45yRueuIDfDVG+VKDRJUui7BOpAw=","filePath":"package-lock.json","content":"{\n  \"packages\": {\n    \"node_modules/has-symbols\": {\n      \"version\": \"1.1.0\",\n      \"resolved\": \"https://registry.npmjs.org/has-symbols/-/has-symbols-1.1.0.tgz\",\n      \"integrity\": \"sha512-1cDNdwJ2Jaohmb3sg4OmKaMBwuC48sYni5HUw2DvsC8LjGTLK9h+eb1X6RyuOHe4hT0ULCW68iomhjUoKUqlPQ==\",\n      \"license\": \"MIT\",\n      \"engines\": {\n        \"node\": \">= 0.4\"\n      },\n      \"funding\": {\n        \"url\": \"https://github.com/sponsors/ljharb\"\n      }\n    },\n    \"node_modules/has-tostringtag\": {\n      \"version\": \"1.0.2\",\n      \"resolved\": \"https://registry.npmjs.org/has-tostringtag/-/has-tostringtag-1.0.2.tgz\",\n      \"integrity\": \"sha512-NqADB8VjPFLM2V0VvHUewwwsw0ZWBaIdgo+ieHtK3hasLz4qeCRjYcqfB6AQrBggRKppKF8L52/VqdVsO47Dlw==\",\n      \"license\": \"MIT\",\n      \"dependencies\": {\n        \"has-symbols\": \"^1.0.3\"\n      },\n      \"engines\": {\n        \"node\": \">= 0.4\"\n      },\n      \"funding\": {\n        \"url\": \"https://github.com/sponsors/ljharb\"\n      }\n    },"}