{"chunk":122,"numChunks":252,"fileHash":"uosZxi4dBSfu8Vg45yRueuIDfDVG+VKDRJUui7BOpAw=","filePath":"package-lock.json","content":"{\n  \"packages\": {\n    \"node_modules/hast-util-from-html-isomorphic\": {\n      \"version\": \"2.0.0\",\n      \"resolved\": \"https://registry.npmjs.org/hast-util-from-html-isomorphic/-/hast-util-from-html-isomorphic-2.0.0.tgz\",\n      \"integrity\": \"sha512-zJfpXq44yff2hmE0XmwEOzdWin5xwH+QIhMLOScpX91e/NSGPsAzNCvLQDIEPyO2TXi+lBmU6hjLIhV8MwP2kw==\",\n      \"license\": \"MIT\",\n      \"dependencies\": {\n        \"@types/hast\": \"^3.0.0\",\n        \"hast-util-from-dom\": \"^5.0.0\",\n        \"hast-util-from-html\": \"^2.0.0\",\n        \"unist-util-remove-position\": \"^5.0.0\"\n      },\n      \"funding\": {\n        \"type\": \"opencollective\",\n        \"url\": \"https://opencollective.com/unified\"\n      }\n    },"}