{"chunk":186,"numChunks":252,"fileHash":"uosZxi4dBSfu8Vg45yRueuIDfDVG+VKDRJUui7BOpAw=","filePath":"package-lock.json","content":"{\n  \"packages\": {\n    \"node_modules/micromark-util-decode-numeric-character-reference\": {\n      \"version\": \"2.0.2\",\n      \"resolved\": \"https://registry.npmjs.org/micromark-util-decode-numeric-character-reference/-/micromark-util-decode-numeric-character-reference-2.0.2.tgz\",\n      \"integrity\": \"sha512-ccUbYk6CwVdkmCQMyr64dXz42EfHGkPQlBj5p7YVGzq8I7CtjXZJrubAYezf7Rp+bjPseiROqe7G6foFd+lEuw==\",\n      \"funding\": [\n        {\n          \"type\": \"GitHub Sponsors\",\n          \"url\": \"https://github.com/sponsors/unifiedjs\"\n        },\n        {\n          \"type\": \"OpenCollective\",\n          \"url\": \"https://opencollective.com/unified\"\n        }\n      ],\n      \"license\": \"MIT\",\n      \"dependencies\": {\n        \"micromark-util-symbol\": \"^2.0.0\"\n      }\n    },"}