{"chunk":174,"numChunks":252,"fileHash":"uosZxi4dBSfu8Vg45yRueuIDfDVG+VKDRJUui7BOpAw=","filePath":"package-lock.json","content":"{\n  \"packages\": {\n    \"node_modules/micromark-extension-gfm-tagfilter\": {\n      \"version\": \"2.0.0\",\n      \"resolved\": \"https://registry.npmjs.org/micromark-extension-gfm-tagfilter/-/micromark-extension-gfm-tagfilter-2.0.0.tgz\",\n      \"integrity\": \"sha512-xHlTOmuCSotIA8TW1mDIM6X2O1SiX5P9IuDtqGonFhEK0qgRI4yeC6vMxEV2dgyr2TiD+2PQ10o+cOhdVAcwfg==\",\n      \"license\": \"MIT\",\n      \"dependencies\": {\n        \"micromark-util-types\": \"^2.0.0\"\n      },\n      \"funding\": {\n        \"type\": \"opencollective\",\n        \"url\": \"https://opencollective.com/unified\"\n      }\n    },"}