{"chunk":209,"numChunks":252,"fileHash":"uosZxi4dBSfu8Vg45yRueuIDfDVG+VKDRJUui7BOpAw=","filePath":"package-lock.json","content":"{\n  \"packages\": {\n    \"node_modules/property-information\": {\n      \"version\": \"7.1.0\",\n      \"resolved\": \"https://registry.npmjs.org/property-information/-/property-information-7.1.0.tgz\",\n      \"integrity\": \"sha512-TwEZ+X+yCJmYfL7TPUOcvBZ4QfoT5YenQiJuX//0th53DE6w0xxLEtfK3iyryQFddXuvkIk51EEgrJQ0WJkOmQ==\",\n      \"license\": \"MIT\",\n      \"funding\": {\n        \"type\": \"github\",\n        \"url\": \"https://github.com/sponsors/wooorm\"\n      }\n    },\n    \"node_modules/proxy-from-env\": {\n      \"version\": \"1.1.0\",\n      \"resolved\": \"https://registry.npmjs.org/proxy-from-env/-/proxy-from-env-1.1.0.tgz\",\n      \"integrity\": \"sha512-D+zkORCbA9f1tdWRK0RaCR3GPv50cMxcrz4X8k5LTSUD1Dkw47mKJEZQNunItRTkWwgtaUSo1RVFRIG9ZXiFYg==\",\n      \"license\": \"MIT\"\n    },"}