{"chunk":158,"numChunks":252,"fileHash":"uosZxi4dBSfu8Vg45yRueuIDfDVG+VKDRJUui7BOpAw=","filePath":"package-lock.json","content":"{\n  \"packages\": {\n    \"node_modules/mdast-util-mdxjs-esm\": {\n      \"version\": \"2.0.1\",\n      \"resolved\": \"https://registry.npmjs.org/mdast-util-mdxjs-esm/-/mdast-util-mdxjs-esm-2.0.1.tgz\",\n      \"integrity\": \"sha512-EcmOpxsZ96CvlP03NghtH1EsLtr0n9Tm4lPUJUBccV9RwUOneqSycg19n5HGzCf+10LozMRSObtVr3ee1WoHtg==\",\n      \"license\": \"MIT\",\n      \"dependencies\": {\n        \"@types/estree-jsx\": \"^1.0.0\",\n        \"@types/hast\": \"^3.0.0\",\n        \"@types/mdast\": \"^4.0.0\",\n        \"devlop\": \"^1.0.0\",\n        \"mdast-util-from-markdown\": \"^2.0.0\",\n        \"mdast-util-to-markdown\": \"^2.0.0\"\n      },\n      \"funding\": {\n        \"type\": \"opencollective\",\n        \"url\": \"https://opencollective.com/unified\"\n      }\n    },"}