{"chunk":127,"numChunks":252,"fileHash":"uosZxi4dBSfu8Vg45yRueuIDfDVG+VKDRJUui7BOpAw=","filePath":"package-lock.json","content":"{\n  \"packages\": {\n    },\n    \"node_modules/hast-util-to-text\": {\n      \"version\": \"4.0.2\",\n      \"resolved\": \"https://registry.npmjs.org/hast-util-to-text/-/hast-util-to-text-4.0.2.tgz\",\n      \"integrity\": \"sha512-KK6y/BN8lbaq654j7JgBydev7wuNMcID54lkRav1P0CaE1e47P72AWWPiGKXTJU271ooYzcvTAn/Zt0REnvc7A==\",\n      \"license\": \"MIT\",\n      \"dependencies\": {\n        \"@types/hast\": \"^3.0.0\",\n        \"@types/unist\": \"^3.0.0\",\n        \"hast-util-is-element\": \"^3.0.0\",\n        \"unist-util-find-after\": \"^5.0.0\"\n      },\n      \"funding\": {\n        \"type\": \"opencollective\",\n        \"url\": \"https://opencollective.com/unified\"\n      }\n    },"}