{"chunk":51,"numChunks":252,"fileHash":"uosZxi4dBSfu8Vg45yRueuIDfDVG+VKDRJUui7BOpAw=","filePath":"package-lock.json","content":"{\n  \"packages\": {\n    \"node_modules/@types/estree\": {\n      \"version\": \"1.0.8\",\n      \"resolved\": \"https://registry.npmjs.org/@types/estree/-/estree-1.0.8.tgz\",\n      \"integrity\": \"sha512-dWHzHa2WqEXI/O1E9OjrocMTKJl2mSrEolh1Iomrv6U+JuNwaHXsXx9bLu5gG7BUWFIN0skIQJQ/L1rIex4X6w==\",\n      \"license\": \"MIT\"\n    },\n    \"node_modules/@types/estree-jsx\": {\n      \"version\": \"1.0.5\",\n      \"resolved\": \"https://registry.npmjs.org/@types/estree-jsx/-/estree-jsx-1.0.5.tgz\",\n      \"integrity\": \"sha512-52CcUVNFyfb1A2ALocQw/Dd1BQFNmSdkuC3BkZ6iqhdMfQz7JWOFRuJFloOzjk+6WijU56m9oKXFAXc7o3Towg==\",\n      \"license\": \"MIT\",\n      \"dependencies\": {\n        \"@types/estree\": \"*\"\n      }\n    },"}