{"chunk":72,"numChunks":252,"fileHash":"uosZxi4dBSfu8Vg45yRueuIDfDVG+VKDRJUui7BOpAw=","filePath":"package-lock.json","content":"{\n  \"packages\": {\n    \"node_modules/combined-stream\": {\n      \"version\": \"1.0.8\",\n      \"resolved\": \"https://registry.npmjs.org/combined-stream/-/combined-stream-1.0.8.tgz\",\n      \"integrity\": \"sha512-FQN4MRfuJeHf7cBbBMJFXhKSDq+2kAArBlmRBvcvFE5BB1HZKXtSFASDhdlz9zOYwxh8lDdnvmMOe/+5cdoEdg==\",\n      \"license\": \"MIT\",\n      \"dependencies\": {\n        \"delayed-stream\": \"~1.0.0\"\n      },\n      \"engines\": {\n        \"node\": \">= 0.8\"\n      }\n    },\n    \"node_modules/comma-separated-tokens\": {\n      \"version\": \"2.0.3\",\n      \"resolved\": \"https://registry.npmjs.org/comma-separated-tokens/-/comma-separated-tokens-2.0.3.tgz\",\n      \"integrity\": \"sha512-Fu4hJdvzeylCfQPp9SGWidpzrMs7tTrlu6Vb8XGaRGck8QSNZJJp538Wrb60Lax4fPwR64ViY468OIUTbRlGZg==\",\n      \"license\": \"MIT\",\n      \"funding\": {\n        \"type\": \"github\",\n        \"url\": \"https://github.com/sponsors/wooorm\"\n      }\n    },"}