{"chunk":213,"numChunks":252,"fileHash":"uosZxi4dBSfu8Vg45yRueuIDfDVG+VKDRJUui7BOpAw=","filePath":"package-lock.json","content":"{\n  \"packages\": {\n    \"node_modules/react-katex\": {\n      \"version\": \"3.1.0\",\n      \"resolved\": \"https://registry.npmjs.org/react-katex/-/react-katex-3.1.0.tgz\",\n      \"integrity\": \"sha512-At9uLOkC75gwn2N+ZXc5HD8TlATsB+3Hkp9OGs6uA8tM3dwZ3Wljn74Bk3JyHFPgSnesY/EMrIAB1WJwqZqejA==\",\n      \"license\": \"MIT\",\n      \"dependencies\": {\n        \"katex\": \"^0.16.0\"\n      },\n      \"peerDependencies\": {\n        \"prop-types\": \"^15.8.1\",\n        \"react\": \">=15.3.2 <20\"\n      }\n    },"}