{"chunk":102,"numChunks":252,"fileHash":"uosZxi4dBSfu8Vg45yRueuIDfDVG+VKDRJUui7BOpAw=","filePath":"package-lock.json","content":"{\n  \"packages\": {\n    \"node_modules/espree\": {\n      \"version\": \"10.4.0\",\n      \"resolved\": \"https://registry.npmjs.org/espree/-/espree-10.4.0.tgz\",\n      \"integrity\": \"sha512-j6PAQ2uUr79PZhBjP5C5fhl8e39FmRnOjsD5lGnWrFU8i2G776tBK7+nP8KuQUTTyAZUwfQqXAgrVH5MbH9CYQ==\",\n      \"dev\": true,\n      \"license\": \"BSD-2-Clause\",\n      \"dependencies\": {\n        \"acorn\": \"^8.15.0\",\n        \"acorn-jsx\": \"^5.3.2\",\n        \"eslint-visitor-keys\": \"^4.2.1\"\n      },\n      \"engines\": {\n        \"node\": \"^18.18.0 || ^20.9.0 || >=21.1.0\"\n      },\n      \"funding\": {\n        \"url\": \"https://opencollective.com/eslint\"\n      }\n    },"}