{"chunk":41,"numChunks":252,"fileHash":"uosZxi4dBSfu8Vg45yRueuIDfDVG+VKDRJUui7BOpAw=","filePath":"package-lock.json","content":"{\n  \"packages\": {\n    \"node_modules/@swc/core-darwin-x64\": {\n      \"version\": \"1.13.5\",\n      \"resolved\": \"https://registry.npmjs.org/@swc/core-darwin-x64/-/core-darwin-x64-1.13.5.tgz\",\n      \"integrity\": \"sha512-ILd38Fg/w23vHb0yVjlWvQBoE37ZJTdlLHa8LRCFDdX4WKfnVBiblsCU9ar4QTMNdeTBEX9iUF4IrbNWhaF1Ng==\",\n      \"cpu\": [\n        \"x64\"\n      ],\n      \"dev\": true,\n      \"license\": \"Apache-2.0 AND MIT\",\n      \"optional\": true,\n      \"os\": [\n        \"darwin\"\n      ],\n      \"engines\": {\n        \"node\": \">=10\"\n      }\n    },"}