{"chunk":130,"numChunks":252,"fileHash":"uosZxi4dBSfu8Vg45yRueuIDfDVG+VKDRJUui7BOpAw=","filePath":"package-lock.json","content":"{\n  \"packages\": {\n    \"node_modules/html-url-attributes\": {\n      \"version\": \"3.0.1\",\n      \"resolved\": \"https://registry.npmjs.org/html-url-attributes/-/html-url-attributes-3.0.1.tgz\",\n      \"integrity\": \"sha512-ol6UPyBWqsrO6EJySPz2O7ZSr856WDrEzM5zMqp+FJJLGMW35cLYmmZnl0vztAZxRUoNZJFTCohfjuIJ8I4QBQ==\",\n      \"license\": \"MIT\",\n      \"funding\": {\n        \"type\": \"opencollective\",\n        \"url\": \"https://opencollective.com/unified\"\n      }\n    },\n    \"node_modules/ignore\": {\n      \"version\": \"5.3.2\",\n      \"resolved\": \"https://registry.npmjs.org/ignore/-/ignore-5.3.2.tgz\",\n      \"integrity\": \"sha512-hsBTNUqQTDwkWtcdYI2i06Y/nUBEsNEDJKjWdigLvegy8kDuJAS8uRlpkkcQpyEXL0Z/pjDy5HBmMjRCJ2gq+g==\",\n      \"dev\": true,\n      \"license\": \"MIT\",\n      \"engines\": {\n        \"node\": \">= 4\"\n      }\n    },"}