{"chunk":24,"numChunks":252,"fileHash":"uosZxi4dBSfu8Vg45yRueuIDfDVG+VKDRJUui7BOpAw=","filePath":"package-lock.json","content":"{\n  \"packages\": {\n    \"node_modules/@humanwhocodes/module-importer\": {\n      \"version\": \"1.0.1\",\n      \"resolved\": \"https://registry.npmjs.org/@humanwhocodes/module-importer/-/module-importer-1.0.1.tgz\",\n      \"integrity\": \"sha512-bxveV4V8v5Yb4ncFTT3rPSgZBOpCkjfK0y4oVVVJwIuDVBRMDXrPyXRL988i5ap9m9bnyEEjWfm5WkBmtffLfA==\",\n      \"dev\": true,\n      \"license\": \"Apache-2.0\",\n      \"engines\": {\n        \"node\": \">=12.22\"\n      },\n      \"funding\": {\n        \"type\": \"github\",\n        \"url\": \"https://github.com/sponsors/nzakas\"\n      }\n    },\n    \"node_modules/@humanwhocodes/retry\": {\n      \"version\": \"0.4.3\",\n      \"resolved\": \"https://registry.npmjs.org/@humanwhocodes/retry/-/retry-0.4.3.tgz\",\n      \"integrity\": \"sha512-bV0Tgo9K4hfPCek+aMAn81RppFKv2ySDQeMoSZuvTASywNTnVJCArCZE2FWqpvIatKu7VMRLWlR1EazvVhDyhQ==\",\n      \"dev\": true,\n      \"license\": \"Apache-2.0\",\n      \"engines\": {\n        \"node\": \">=18.18\"\n      },\n      \"funding\": {\n        \"type\": \"github\",\n        \"url\": \"https://github.com/sponsors/nzakas\"\n      }\n   "}