{"chunk":137,"numChunks":252,"fileHash":"uosZxi4dBSfu8Vg45yRueuIDfDVG+VKDRJUui7BOpAw=","filePath":"package-lock.json","content":"{\n  \"packages\": {\n    \"node_modules/is-hexadecimal\": {\n      \"version\": \"2.0.1\",\n      \"resolved\": \"https://registry.npmjs.org/is-hexadecimal/-/is-hexadecimal-2.0.1.tgz\",\n      \"integrity\": \"sha512-DgZQp241c8oO6cA1SbTEWiXeoxV42vlcJxgH+B3hi1AiqqKruZR3ZGF8In3fj4+/y/7rHvlOZLZtgJ/4ttYGZg==\",\n      \"license\": \"MIT\",\n      \"funding\": {\n        \"type\": \"github\",\n        \"url\": \"https://github.com/sponsors/wooorm\"\n      }\n    },\n    \"node_modules/is-plain-obj\": {\n      \"version\": \"4.1.0\",\n      \"resolved\": \"https://registry.npmjs.org/is-plain-obj/-/is-plain-obj-4.1.0.tgz\",\n      \"integrity\": \"sha512-+Pgi+vMuUNkJyExiMBt5IlFoMyKnr5zhJ4Uspz58WOhBF5QoIZkFyNHIbBAtHwzVAgk5RtndVNsDRN61/mmDqg==\",\n      \"license\": \"MIT\",\n      \"engines\": {\n        \"node\": \">=12\"\n      },\n      \"funding\": {\n        \"url\": \"https://github.com/sponsors/sindresorhus\"\n      }\n    },"}