{"chunk":228,"numChunks":252,"fileHash":"uosZxi4dBSfu8Vg45yRueuIDfDVG+VKDRJUui7BOpAw=","filePath":"package-lock.json","content":"{\n  \"packages\": {\n    \"node_modules/rollup\": {\n      \"optionalDependencies\": {\n        \"@rollup/rollup-android-arm-eabi\": \"4.52.5\",\n        \"@rollup/rollup-android-arm64\": \"4.52.5\",\n        \"@rollup/rollup-darwin-arm64\": \"4.52.5\",\n        \"@rollup/rollup-darwin-x64\": \"4.52.5\",\n        \"@rollup/rollup-freebsd-arm64\": \"4.52.5\",\n        \"@rollup/rollup-freebsd-x64\": \"4.52.5\",\n        \"@rollup/rollup-linux-arm-gnueabihf\": \"4.52.5\",\n        \"@rollup/rollup-linux-arm-musleabihf\": \"4.52.5\",\n        \"@rollup/rollup-linux-arm64-gnu\": \"4.52.5\",\n        \"@rollup/rollup-linux-arm64-musl\": \"4.52.5\","}