{"chunk":170,"numChunks":252,"fileHash":"uosZxi4dBSfu8Vg45yRueuIDfDVG+VKDRJUui7BOpAw=","filePath":"package-lock.json","content":"{\n  \"packages\": {\n    \"node_modules/micromark-extension-gfm-autolink-literal\": {\n      \"version\": \"2.1.0\",\n      \"resolved\": \"https://registry.npmjs.org/micromark-extension-gfm-autolink-literal/-/micromark-extension-gfm-autolink-literal-2.1.0.tgz\",\n      \"integrity\": \"sha512-oOg7knzhicgQ3t4QCjCWgTmfNhvQbDDnJeVu9v81r7NltNCVmhPy1fJRX27pISafdjL+SVc4d3l48Gb6pbRypw==\",\n      \"license\": \"MIT\",\n      \"dependencies\": {\n        \"micromark-util-character\": \"^2.0.0\",\n        \"micromark-util-sanitize-uri\": \"^2.0.0\",\n        \"micromark-util-symbol\": \"^2.0.0\",\n        \"micromark-util-types\": \"^2.0.0\"\n      },\n      \"funding\": {\n        \"type\": \"opencollective\",\n        \"url\": \"https://opencollective.com/unified\"\n      }\n    },"}