{"chunk":143,"numChunks":252,"fileHash":"uosZxi4dBSfu8Vg45yRueuIDfDVG+VKDRJUui7BOpAw=","filePath":"package-lock.json","content":"{\n  \"packages\": {\n    \"node_modules/locate-path\": {\n      \"version\": \"6.0.0\",\n      \"resolved\": \"https://registry.npmjs.org/locate-path/-/locate-path-6.0.0.tgz\",\n      \"integrity\": \"sha512-iPZK6eYjbxRu3uB4/WZ3EsEIMJFMqAoopl3R+zuq0UjcAm/MO6KCweDgPfP3elTztoKP3KtnVHxTn2NHBSDVUw==\",\n      \"dev\": true,\n      \"license\": \"MIT\",\n      \"dependencies\": {\n        \"p-locate\": \"^5.0.0\"\n      },\n      \"engines\": {\n        \"node\": \">=10\"\n      },\n      \"funding\": {\n        \"url\": \"https://github.com/sponsors/sindresorhus\"\n      }\n    },\n    \"node_modules/lodash\": {\n      \"version\": \"4.17.21\",\n      \"resolved\": \"https://registry.npmjs.org/lodash/-/lodash-4.17.21.tgz\",\n      \"integrity\": \"sha512-v2kDEe57lecTulaDIuNTPy3Ry4gLGJ6Z1O3vE1krgXZNrsQ+LFTGHVxVjcXPs17LhbZVGedAJv8XZ1tvj5FvSg==\",\n      \"license\": \"MIT\"\n    },"}