{"chunk":220,"numChunks":252,"fileHash":"uosZxi4dBSfu8Vg45yRueuIDfDVG+VKDRJUui7BOpAw=","filePath":"package-lock.json","content":"{\n  \"packages\": {\n    \"node_modules/remark-gfm\": {\n      \"version\": \"4.0.1\",\n      \"resolved\": \"https://registry.npmjs.org/remark-gfm/-/remark-gfm-4.0.1.tgz\",\n      \"integrity\": \"sha512-1quofZ2RQ9EWdeN34S79+KExV1764+wCUGop5CPL1WGdD0ocPpu91lzPGbwWMECpEpd42kJGQwzRfyov9j4yNg==\",\n      \"license\": \"MIT\",\n      \"dependencies\": {\n        \"@types/mdast\": \"^4.0.0\",\n        \"mdast-util-gfm\": \"^3.0.0\",\n        \"micromark-extension-gfm\": \"^3.0.0\",\n        \"remark-parse\": \"^11.0.0\",\n        \"remark-stringify\": \"^11.0.0\",\n        \"unified\": \"^11.0.0\"\n      },\n      \"funding\": {\n        \"type\": \"opencollective\",\n        \"url\": \"https://opencollective.com/unified\"\n      }\n    },"}