{"chunk":0,"numChunks":16,"fileHash":"ftMNNRCvGUAniCLa0ubOp1q+QCUe3NKH2dxnwIRZI8E=","filePath":"src/pages/DashboardPage.jsx","content":"// src/pages/DashboardPage.jsx\nimport { useState, useEffect } from 'react';\nimport apiClient from '../api/axios';\nimport { Link } from 'react-router-dom';\nimport ReactMarkdown from 'react-markdown';\nimport remarkGfm from 'remark-gfm';\nimport DOMPurify from 'dompurify'; // 引入DOMPurify\nimport remarkMath from 'remark-math';\nimport rehypeKatex from 'rehype-katex';\nimport 'katex/dist/katex.min.css'; // 引入KaTeX的CSS样式"}