{"chunk":200,"numChunks":252,"fileHash":"uosZxi4dBSfu8Vg45yRueuIDfDVG+VKDRJUui7BOpAw=","filePath":"package-lock.json","content":"{\n  \"packages\": {\n    \"node_modules/optionator\": {\n      \"version\": \"0.9.4\",\n      \"resolved\": \"https://registry.npmjs.org/optionator/-/optionator-0.9.4.tgz\",\n      \"integrity\": \"sha512-6IpQ7mKUxRcZNLIObR0hz7lxsapSSIYNZJwXPGeF0mTVqGKFIXj1DQcMoT22S3ROcLyY/rz0PWaWZ9ayWmad9g==\",\n      \"dev\": true,\n      \"license\": \"MIT\",\n      \"dependencies\": {\n        \"deep-is\": \"^0.1.3\",\n        \"fast-levenshtein\": \"^2.0.6\",\n        \"levn\": \"^0.4.1\",\n        \"prelude-ls\": \"^1.2.1\",\n        \"type-check\": \"^0.4.0\",\n        \"word-wrap\": \"^1.2.5\"\n      },\n      \"engines\": {\n        \"node\": \">= 0.8.0\"\n      }\n    },"}