{"chunk":0,"numChunks":1,"fileHash":"tP472LcapVt6r3zJHX/dNTBF43Yu5brascTgZHg1Ib0=","filePath":"src/main.jsx","content":"// import { StrictMode } from 'react'\n// import { createRoot } from 'react-dom/client'\n// import './index.css'\n// import App from './App.jsx'\n\n// createRoot(document.getElementById('root')).render(\n//   <StrictMode>\n//     <App />\n//   </StrictMode>,\n// )\n\n// src/main.jsx\nimport React from 'react';\nimport ReactDOM from 'react-dom/client';\nimport App from './App.jsx';\nimport './index.css';\nimport { BrowserRouter } from 'react-router-dom'; // 1. 引入\nimport { AuthProvider } from './context/AuthContext'; // 引入AuthProvider\n\nReactDOM.createRoot(document.getElementById('root')).render(\n  <React.StrictMode>\n    <BrowserRouter>\n      <AuthProvider> {/* 用AuthProvider包裹App */}\n        <App />\n      </AuthProvider>\n    </BrowserRouter>\n  </React.StrictMode>,\n);"}