{"chunk":42,"numChunks":252,"fileHash":"uosZxi4dBSfu8Vg45yRueuIDfDVG+VKDRJUui7BOpAw=","filePath":"package-lock.json","content":"{\n  \"packages\": {\n    \"node_modules/@swc/core-linux-arm-gnueabihf\": {\n      \"version\": \"1.13.5\",\n      \"resolved\": \"https://registry.npmjs.org/@swc/core-linux-arm-gnueabihf/-/core-linux-arm-gnueabihf-1.13.5.tgz\",\n      \"integrity\": \"sha512-Q6eS3Pt8GLkXxqz9TAw+AUk9HpVJt8Uzm54MvPsqp2yuGmY0/sNaPPNVqctCX9fu/Nu8eaWUen0si6iEiCsazQ==\",\n      \"cpu\": [\n        \"arm\"\n      ],\n      \"dev\": true,\n      \"license\": \"Apache-2.0\",\n      \"optional\": true,\n      \"os\": [\n        \"linux\"\n      ],\n      \"engines\": {\n        \"node\": \">=10\"\n      }\n    },"}