{"chunk":4,"numChunks":252,"fileHash":"uosZxi4dBSfu8Vg45yRueuIDfDVG+VKDRJUui7BOpAw=","filePath":"package-lock.json","content":"{\n  \"packages\": {\n    \"node_modules/@esbuild/android-arm64\": {\n      \"version\": \"0.25.11\",\n      \"resolved\": \"https://registry.npmjs.org/@esbuild/android-arm64/-/android-arm64-0.25.11.tgz\",\n      \"integrity\": \"sha512-9slpyFBc4FPPz48+f6jyiXOx/Y4v34TUeDDXJpZqAWQn/08lKGeD8aDp9TMn9jDz2CiEuHwfhRmGBvpnd/PWIQ==\",\n      \"cpu\": [\n        \"arm64\"\n      ],\n      \"dev\": true,\n      \"license\": \"MIT\",\n      \"optional\": true,\n      \"os\": [\n        \"android\"\n      ],\n      \"engines\": {\n        \"node\": \">=18\"\n      }\n    },\n    \"node_modules/@esbuild/android-x64\": {\n      \"version\": \"0.25.11\",\n      \"resolved\": \"https://registry.npmjs.org/@esbuild/android-x64/-/android-x64-0.25.11.tgz\",\n      \"integrity\": \"sha512-Sgiab4xBjPU1QoPEIqS3Xx+R2lezu0LKIEcYe6pftr56PqPygbB7+szVnzoShbx64MUupqoE0KyRlN7gezbl8g==\",\n      \"cpu\": [\n        \"x64\"\n      ],\n      \"dev\": true,\n      \"license\": \"MIT\",\n      \"optional\": true,\n      \"os\": [\n        \"android\"\n      ],\n      \"engines\": {\n        \"node\": \">=18\"\n      }\n    },"}