{"chunk":34,"numChunks":252,"fileHash":"uosZxi4dBSfu8Vg45yRueuIDfDVG+VKDRJUui7BOpAw=","filePath":"package-lock.json","content":"{\n  \"packages\": {\n    \"node_modules/@rollup/rollup-linux-x64-gnu\": {\n      \"version\": \"4.52.5\",\n      \"resolved\": \"https://registry.npmjs.org/@rollup/rollup-linux-x64-gnu/-/rollup-linux-x64-gnu-4.52.5.tgz\",\n      \"integrity\": \"sha512-hXGLYpdhiNElzN770+H2nlx+jRog8TyynpTVzdlc6bndktjKWyZyiCsuDAlpd+j+W+WNqfcyAWz9HxxIGfZm1Q==\",\n      \"cpu\": [\n        \"x64\"\n      ],\n      \"dev\": true,\n      \"license\": \"MIT\",\n      \"optional\": true,\n      \"os\": [\n        \"linux\"\n      ]\n    },\n    \"node_modules/@rollup/rollup-linux-x64-musl\": {\n      \"version\": \"4.52.5\",\n      \"resolved\": \"https://registry.npmjs.org/@rollup/rollup-linux-x64-musl/-/rollup-linux-x64-musl-4.52.5.tgz\",\n      \"integrity\": \"sha512-arCGIcuNKjBoKAXD+y7XomR9gY6Mw7HnFBv5Rw7wQRvwYLR7gBAgV7Mb2QTyjXfTveBNFAtPt46/36vV9STLNg==\",\n      \"cpu\": [\n        \"x64\"\n      ],\n      \"dev\": true,\n      \"license\": \"MIT\",\n      \"optional\": true,\n      \"os\": [\n        \"linux\"\n      ]\n    },"}