{"chunk":215,"numChunks":252,"fileHash":"uosZxi4dBSfu8Vg45yRueuIDfDVG+VKDRJUui7BOpAw=","filePath":"package-lock.json","content":"{\n  \"packages\": {\n    \"node_modules/react-quill\": {\n      \"version\": \"2.0.0\",\n      \"resolved\": \"https://registry.npmjs.org/react-quill/-/react-quill-2.0.0.tgz\",\n      \"integrity\": \"sha512-4qQtv1FtCfLgoD3PXAur5RyxuUbPXQGOHgTlFie3jtxp43mXDtzCKaOgQ3mLyZfi1PUlyjycfivKelFhy13QUg==\",\n      \"license\": \"MIT\",\n      \"dependencies\": {\n        \"@types/quill\": \"^1.3.10\",\n        \"lodash\": \"^4.17.4\",\n        \"quill\": \"^1.3.7\"\n      },\n      \"peerDependencies\": {\n        \"react\": \"^16 || ^17 || ^18\",\n        \"react-dom\": \"^16 || ^17 || ^18\"\n      }\n    },"}