{"chunk":0,"numChunks":1,"fileHash":"tKly/GOH0Z5/d0Cp/T+T9BMdt5lROnhzXJ25yeIgU/w=","filePath":"src/components/Layout.jsx","content":"// src/components/Layout.jsx\r\nimport { Link, Outlet } from 'react-router-dom';\r\n\r\nfunction Layout() {\r\n  return (\r\n    <div className=\"app-layout\">\r\n      <nav style={{ background: '#eee', padding: '1rem' }}>\r\n        <Link to=\"/\" style={{ marginRight: '1rem' }}>主页</Link>\r\n        <Link to=\"/login\" style={{ marginRight: '1rem' }}>登录</Link>\r\n        <Link to=\"/register\">注册</Link>\r\n      </nav>\r\n      \r\n      <main style={{ padding: '1rem' }}>\r\n        {/* Outlet 是一个占位符，子路由匹配的组件会在这里显示 */}\r\n        <Outlet /> \r\n      </main>\r\n    </div>\r\n  );\r\n}\r\nexport default Layout;"}