{"chunk":23,"numChunks":252,"fileHash":"uosZxi4dBSfu8Vg45yRueuIDfDVG+VKDRJUui7BOpAw=","filePath":"package-lock.json","content":"{\n  \"packages\": {\n    \"node_modules/@humanfs/core\": {\n      \"version\": \"0.19.1\",\n      \"resolved\": \"https://registry.npmjs.org/@humanfs/core/-/core-0.19.1.tgz\",\n      \"integrity\": \"sha512-5DyQ4+1JEUzejeK1JGICcideyfUbGixgS9jNgex5nqkW+cY7WZhxBigmieN5Qnw9ZosSNVC9KQKyb+GUaGyKUA==\",\n      \"dev\": true,\n      \"license\": \"Apache-2.0\",\n      \"engines\": {\n        \"node\": \">=18.18.0\"\n      }\n    },\n    \"node_modules/@humanfs/node\": {\n      \"version\": \"0.16.7\",\n      \"resolved\": \"https://registry.npmjs.org/@humanfs/node/-/node-0.16.7.tgz\",\n      \"integrity\": \"sha512-/zUx+yOsIrG4Y43Eh2peDeKCxlRt/gET6aHfaKpuq267qXdYDFViVHfMaLyygZOnl0kGWxFIgsBy8QFuTLUXEQ==\",\n      \"dev\": true,\n      \"license\": \"Apache-2.0\",\n      \"dependencies\": {\n        \"@humanfs/core\": \"^0.19.1\",\n        \"@humanwhocodes/retry\": \"^0.4.0\"\n      },\n      \"engines\": {\n        \"node\": \">=18.18.0\"\n      }\n    },"}