{"chunk":147,"numChunks":252,"fileHash":"uosZxi4dBSfu8Vg45yRueuIDfDVG+VKDRJUui7BOpAw=","filePath":"package-lock.json","content":"{\n  \"packages\": {\n    \"node_modules/mdast-util-find-and-replace/node_modules/escape-string-regexp\": {\n      \"version\": \"5.0.0\",\n      \"resolved\": \"https://registry.npmjs.org/escape-string-regexp/-/escape-string-regexp-5.0.0.tgz\",\n      \"integrity\": \"sha512-/veY75JbMK4j1yjvuUxuVsiS/hr/4iHs9FTT6cgTexxdE0Ly/glccBAkloH/DofkjRbZU3bnoj38mOmhkZ0lHw==\",\n      \"license\": \"MIT\",\n      \"engines\": {\n        \"node\": \">=12\"\n      },\n      \"funding\": {\n        \"url\": \"https://github.com/sponsors/sindresorhus\"\n      }\n    },"}