{"chunk":2,"numChunks":16,"fileHash":"ftMNNRCvGUAniCLa0ubOp1q+QCUe3NKH2dxnwIRZI8E=","filePath":"src/pages/DashboardPage.jsx","content":"// src/pages/DashboardPage.jsx\nfunction DashboardPage() {\n    const [knowledgePoints, setKnowledgePoints] = useState([]);\n    const [loading, setLoading] = useState(true);\n    const [error, setError] = useState('');\n    useEffect(() => {\n        const fetchKnowledgePoints = async () => {\n            try {\n                setLoading(true);\n                const response = await apiClient.get('/knowledge-points');\n                setKnowledgePoints(response.data);\n            } catch (err) {\n                setError('获取知识点失败');\n                console.error(err);\n            } finally {\n                setLoading(false);\n            }\n        };\n\n        fetchKnowledgePoints();\n    }, []); // 第二个参数是依赖数组，空数组[]表示这个effect只在组件首次挂载时运行一次\n       // 新增：删除知识点处理函数\n    const handleDelete = async (id) => {\n        if (window.confirm('你确定要删除这个知识点吗？')) {\n            try {\n                await apiClient.delete(`/knowledge-points/${id}`);\n                // 从前端状态中移除被删除的项，避免刷新页面\n                setKnowledgePoints(knowledgePoints.filter(kp => kp._id !== id));\n            } catch (error) {\n                console.error('删除失败', error);\n            }\n        }\n    };\n    if (loading) return <p>加载中...</p>;\n    if (error) return <p style={{ color: 'red' }}>{error}</p>;"}