{"chunk":40,"numChunks":252,"fileHash":"uosZxi4dBSfu8Vg45yRueuIDfDVG+VKDRJUui7BOpAw=","filePath":"package-lock.json","content":"{\n  \"packages\": {\n    },\n    \"node_modules/@swc/core-darwin-arm64\": {\n      \"version\": \"1.13.5\",\n      \"resolved\": \"https://registry.npmjs.org/@swc/core-darwin-arm64/-/core-darwin-arm64-1.13.5.tgz\",\n      \"integrity\": \"sha512-lKNv7SujeXvKn16gvQqUQI5DdyY8v7xcoO3k06/FJbHJS90zEwZdQiMNRiqpYw/orU543tPaWgz7cIYWhbopiQ==\",\n      \"cpu\": [\n        \"arm64\"\n      ],\n      \"dev\": true,\n      \"license\": \"Apache-2.0 AND MIT\",\n      \"optional\": true,\n      \"os\": [\n        \"darwin\"\n      ],\n      \"engines\": {\n        \"node\": \">=10\"\n      }\n    },"}