{"chunk":241,"numChunks":252,"fileHash":"uosZxi4dBSfu8Vg45yRueuIDfDVG+VKDRJUui7BOpAw=","filePath":"package-lock.json","content":"{\n  \"packages\": {\n    \"node_modules/unist-util-find-after\": {\n      \"version\": \"5.0.0\",\n      \"resolved\": \"https://registry.npmjs.org/unist-util-find-after/-/unist-util-find-after-5.0.0.tgz\",\n      \"integrity\": \"sha512-amQa0Ep2m6hE2g72AugUItjbuM8X8cGQnFoHk0pGfrFeT9GZhzN5SW8nRsiGKK7Aif4CrACPENkA6P/Lw6fHGQ==\",\n      \"license\": \"MIT\",\n      \"dependencies\": {\n        \"@types/unist\": \"^3.0.0\",\n        \"unist-util-is\": \"^6.0.0\"\n      },\n      \"funding\": {\n        \"type\": \"opencollective\",\n        \"url\": \"https://opencollective.com/unified\"\n      }\n    },\n    \"node_modules/unist-util-is\": {\n      \"version\": \"6.0.1\",\n      \"resolved\": \"https://registry.npmjs.org/unist-util-is/-/unist-util-is-6.0.1.tgz\",\n      \"integrity\": \"sha512-LsiILbtBETkDz8I9p1dQ0uyRUWuaQzd/cuEeS1hoRSyW5E5XGmTzlwY1OrNzzakGowI9Dr/I8HVaw4hTtnxy8g==\",\n      \"license\": \"MIT\",\n      \"dependencies\": {\n        \"@types/unist\": \"^3.0.0\"\n      },\n      \"funding\": {\n        \"type\": \"opencollective\",\n        \"url\": \"https://opencollective.com/unified\"\n      }\n    },"}