{"chunk":157,"numChunks":252,"fileHash":"uosZxi4dBSfu8Vg45yRueuIDfDVG+VKDRJUui7BOpAw=","filePath":"package-lock.json","content":"{\n  \"packages\": {\n    \"node_modules/mdast-util-mdx-jsx\": {\n      \"version\": \"3.2.0\",\n      \"resolved\": \"https://registry.npmjs.org/mdast-util-mdx-jsx/-/mdast-util-mdx-jsx-3.2.0.tgz\",\n      \"integrity\": \"sha512-lj/z8v0r6ZtsN/cGNNtemmmfoLAFZnjMbNyLzBafjzikOM+glrjNHPlf6lQDOTccj9n5b0PPihEBbhneMyGs1Q==\",\n      \"license\": \"MIT\",\n      \"dependencies\": {\n        \"@types/estree-jsx\": \"^1.0.0\",\n        \"@types/hast\": \"^3.0.0\",\n        \"@types/mdast\": \"^4.0.0\",\n        \"@types/unist\": \"^3.0.0\",\n        \"ccount\": \"^2.0.0\",\n        \"devlop\": \"^1.1.0\",\n        \"mdast-util-from-markdown\": \"^2.0.0\",\n        \"mdast-util-to-markdown\": \"^2.0.0\",\n        \"parse-entities\": \"^4.0.0\",\n        \"stringify-entities\": \"^4.0.0\",\n        \"unist-util-stringify-position\": \"^4.0.0\",\n        \"vfile-message\": \"^4.0.0\"\n      },\n      \"funding\": {\n        \"type\": \"opencollective\",\n        \"url\": \"https://opencollective.com/unified\"\n      }\n    },"}