{"chunk":240,"numChunks":252,"fileHash":"uosZxi4dBSfu8Vg45yRueuIDfDVG+VKDRJUui7BOpAw=","filePath":"package-lock.json","content":"{\n  \"packages\": {\n    \"node_modules/unified\": {\n      \"version\": \"11.0.5\",\n      \"resolved\": \"https://registry.npmjs.org/unified/-/unified-11.0.5.tgz\",\n      \"integrity\": \"sha512-xKvGhPWw3k84Qjh8bI3ZeJjqnyadK+GEFtazSfZv/rKeTkTjOJho6mFqh2SM96iIcZokxiOpg78GazTSg8+KHA==\",\n      \"license\": \"MIT\",\n      \"dependencies\": {\n        \"@types/unist\": \"^3.0.0\",\n        \"bail\": \"^2.0.0\",\n        \"devlop\": \"^1.0.0\",\n        \"extend\": \"^3.0.0\",\n        \"is-plain-obj\": \"^4.0.0\",\n        \"trough\": \"^2.0.0\",\n        \"vfile\": \"^6.0.0\"\n      },\n      \"funding\": {\n        \"type\": \"opencollective\",\n        \"url\": \"https://opencollective.com/unified\"\n      }\n    },"}