{"chunk":56,"numChunks":252,"fileHash":"uosZxi4dBSfu8Vg45yRueuIDfDVG+VKDRJUui7BOpAw=","filePath":"package-lock.json","content":"{\n  \"packages\": {\n    \"node_modules/@types/trusted-types\": {\n      \"version\": \"2.0.7\",\n      \"resolved\": \"https://registry.npmjs.org/@types/trusted-types/-/trusted-types-2.0.7.tgz\",\n      \"integrity\": \"sha512-ScaPdn1dQczgbl0QFTeTOmVHFULt394XJgOQNoyVhZ6r2vLnMLJfBPd53SB52T/3G36VI1/g2MZaX0cwDuXsfw==\",\n      \"license\": \"MIT\",\n      \"optional\": true\n    },\n    \"node_modules/@types/unist\": {\n      \"version\": \"3.0.3\",\n      \"resolved\": \"https://registry.npmjs.org/@types/unist/-/unist-3.0.3.tgz\",\n      \"integrity\": \"sha512-ko/gIFJRv177XgZsZcBwnqJN5x/Gien8qNOn0D5bQU/zAzVf9Zt3BlcUiLqhV9y4ARk0GbT3tnUiPNgnTXzc/Q==\",\n      \"license\": \"MIT\"\n    },"}