{"chunk":28,"numChunks":252,"fileHash":"uosZxi4dBSfu8Vg45yRueuIDfDVG+VKDRJUui7BOpAw=","filePath":"package-lock.json","content":"{\n  \"packages\": {\n    \"node_modules/@rollup/rollup-darwin-x64\": {\n      \"version\": \"4.52.5\",\n      \"resolved\": \"https://registry.npmjs.org/@rollup/rollup-darwin-x64/-/rollup-darwin-x64-4.52.5.tgz\",\n      \"integrity\": \"sha512-W901Pla8Ya95WpxDn//VF9K9u2JbocwV/v75TE0YIHNTbhqUTv9w4VuQ9MaWlNOkkEfFwkdNhXgcLqPSmHy0fA==\",\n      \"cpu\": [\n        \"x64\"\n      ],\n      \"dev\": true,\n      \"license\": \"MIT\",\n      \"optional\": true,\n      \"os\": [\n        \"darwin\"\n      ]\n    },\n    \"node_modules/@rollup/rollup-freebsd-arm64\": {\n      \"version\": \"4.52.5\",\n      \"resolved\": \"https://registry.npmjs.org/@rollup/rollup-freebsd-arm64/-/rollup-freebsd-arm64-4.52.5.tgz\",\n      \"integrity\": \"sha512-QofO7i7JycsYOWxe0GFqhLmF6l1TqBswJMvICnRUjqCx8b47MTo46W8AoeQwiokAx3zVryVnxtBMcGcnX12LvA==\",\n      \"cpu\": [\n        \"arm64\"\n      ],\n      \"dev\": true,\n      \"license\": \"MIT\",\n      \"optional\": true,\n      \"os\": [\n        \"freebsd\"\n      ]\n    },"}