{"chunk":63,"numChunks":252,"fileHash":"uosZxi4dBSfu8Vg45yRueuIDfDVG+VKDRJUui7BOpAw=","filePath":"package-lock.json","content":"{\n  \"packages\": {\n    \"node_modules/brace-expansion\": {\n      \"version\": \"1.1.12\",\n      \"resolved\": \"https://registry.npmjs.org/brace-expansion/-/brace-expansion-1.1.12.tgz\",\n      \"integrity\": \"sha512-9T9UjW3r0UW5c1Q7GTwllptXwhvYmEzFhzMfZ9H7FQWt+uZePjZPjBP/W1ZEyZ1twGWom5/56TF4lPcqjnDHcg==\",\n      \"dev\": true,\n      \"license\": \"MIT\",\n      \"dependencies\": {\n        \"balanced-match\": \"^1.0.0\",\n        \"concat-map\": \"0.0.1\"\n      }\n    },"}