{"chunk":201,"numChunks":252,"fileHash":"uosZxi4dBSfu8Vg45yRueuIDfDVG+VKDRJUui7BOpAw=","filePath":"package-lock.json","content":"{\n  \"packages\": {\n    \"node_modules/p-limit\": {\n      \"version\": \"3.1.0\",\n      \"resolved\": \"https://registry.npmjs.org/p-limit/-/p-limit-3.1.0.tgz\",\n      \"integrity\": \"sha512-TYOanM3wGwNGsZN2cVTYPArw454xnXj5qmWF1bEoAc4+cU/ol7GVh7odevjp1FNHduHc3KZMcFduxU5Xc6uJRQ==\",\n      \"dev\": true,\n      \"license\": \"MIT\",\n      \"dependencies\": {\n        \"yocto-queue\": \"^0.1.0\"\n      },\n      \"engines\": {\n        \"node\": \">=10\"\n      },\n      \"funding\": {\n        \"url\": \"https://github.com/sponsors/sindresorhus\"\n      }\n    },\n    \"node_modules/p-locate\": {\n      \"version\": \"5.0.0\",\n      \"resolved\": \"https://registry.npmjs.org/p-locate/-/p-locate-5.0.0.tgz\",\n      \"integrity\": \"sha512-LaNjtRWUBY++zB5nE/NwcaoMylSPk+S+ZHNB1TzdbMJMny6dynpAGt7X/tl/QYq3TIeE6nxHppbo2LGymrG5Pw==\",\n      \"dev\": true,\n      \"license\": \"MIT\",\n      \"dependencies\": {\n        \"p-limit\": \"^3.0.2\"\n      },\n      \"engines\": {\n        \"node\": \">=10\"\n      },\n      \"funding\": {\n        \"url\": \"https://github.com/sponsors/sindresorhus\"\n      }\n    },"}