{"chunk":149,"numChunks":252,"fileHash":"uosZxi4dBSfu8Vg45yRueuIDfDVG+VKDRJUui7BOpAw=","filePath":"package-lock.json","content":"{\n  \"packages\": {\n    \"node_modules/mdast-util-gfm\": {\n      \"version\": \"3.1.0\",\n      \"resolved\": \"https://registry.npmjs.org/mdast-util-gfm/-/mdast-util-gfm-3.1.0.tgz\",\n      \"integrity\": \"sha512-0ulfdQOM3ysHhCJ1p06l0b0VKlhU0wuQs3thxZQagjcjPrlFRqY215uZGHHJan9GEAXd9MbfPjFJz+qMkVR6zQ==\",\n      \"license\": \"MIT\",\n      \"dependencies\": {\n        \"mdast-util-from-markdown\": \"^2.0.0\",\n        \"mdast-util-gfm-autolink-literal\": \"^2.0.0\",\n        \"mdast-util-gfm-footnote\": \"^2.0.0\",\n        \"mdast-util-gfm-strikethrough\": \"^2.0.0\",\n        \"mdast-util-gfm-table\": \"^2.0.0\",\n        \"mdast-util-gfm-task-list-item\": \"^2.0.0\",\n        \"mdast-util-to-markdown\": \"^2.0.0\"\n      },\n      \"funding\": {\n        \"type\": \"opencollective\",\n        \"url\": \"https://opencollective.com/unified\"\n      }\n    },"}