{"chunk":67,"numChunks":252,"fileHash":"uosZxi4dBSfu8Vg45yRueuIDfDVG+VKDRJUui7BOpAw=","filePath":"package-lock.json","content":"{\n  \"packages\": {\n    },\n    \"node_modules/callsites\": {\n      \"version\": \"3.1.0\",\n      \"resolved\": \"https://registry.npmjs.org/callsites/-/callsites-3.1.0.tgz\",\n      \"integrity\": \"sha512-P8BjAsXvZS+VIDUI11hHCQEv74YT67YUi5JJFNWIqL235sBmjX4+qx9Muvls5ivyNENctx46xQLQ3aTuE7ssaQ==\",\n      \"dev\": true,\n      \"license\": \"MIT\",\n      \"engines\": {\n        \"node\": \">=6\"\n      }\n    },\n    \"node_modules/ccount\": {\n      \"version\": \"2.0.1\",\n      \"resolved\": \"https://registry.npmjs.org/ccount/-/ccount-2.0.1.tgz\",\n      \"integrity\": \"sha512-eyrF0jiFpY+3drT6383f1qhkbGsLSifNAjA61IUjZjmLCWjItY6LB9ft9YhoDgwfmclB2zhu51Lc7+95b8NRAg==\",\n      \"license\": \"MIT\",\n      \"funding\": {\n        \"type\": \"github\",\n        \"url\": \"https://github.com/sponsors/wooorm\"\n      }\n    },"}