{"chunk":45,"numChunks":252,"fileHash":"uosZxi4dBSfu8Vg45yRueuIDfDVG+VKDRJUui7BOpAw=","filePath":"package-lock.json","content":"{\n  \"packages\": {\n    \"node_modules/@swc/core-linux-x64-gnu\": {\n      \"version\": \"1.13.5\",\n      \"resolved\": \"https://registry.npmjs.org/@swc/core-linux-x64-gnu/-/core-linux-x64-gnu-1.13.5.tgz\",\n      \"integrity\": \"sha512-WD530qvHrki8Ywt/PloKUjaRKgstQqNGvmZl54g06kA+hqtSE2FTG9gngXr3UJxYu/cNAjJYiBifm7+w4nbHbA==\",\n      \"cpu\": [\n        \"x64\"\n      ],\n      \"dev\": true,\n      \"license\": \"Apache-2.0 AND MIT\",\n      \"optional\": true,\n      \"os\": [\n        \"linux\"\n      ],\n      \"engines\": {\n        \"node\": \">=10\"\n      }\n    },"}