{"chunk":152,"numChunks":252,"fileHash":"uosZxi4dBSfu8Vg45yRueuIDfDVG+VKDRJUui7BOpAw=","filePath":"package-lock.json","content":"{\n  \"packages\": {\n    \"node_modules/mdast-util-gfm-strikethrough\": {\n      \"version\": \"2.0.0\",\n      \"resolved\": \"https://registry.npmjs.org/mdast-util-gfm-strikethrough/-/mdast-util-gfm-strikethrough-2.0.0.tgz\",\n      \"integrity\": \"sha512-mKKb915TF+OC5ptj5bJ7WFRPdYtuHv0yTRxK2tJvi+BDqbkiG7h7u/9SI89nRAYcmap2xHQL9D+QG/6wSrTtXg==\",\n      \"license\": \"MIT\",\n      \"dependencies\": {\n        \"@types/mdast\": \"^4.0.0\",\n        \"mdast-util-from-markdown\": \"^2.0.0\",\n        \"mdast-util-to-markdown\": \"^2.0.0\"\n      },\n      \"funding\": {\n        \"type\": \"opencollective\",\n        \"url\": \"https://opencollective.com/unified\"\n      }\n    },"}