{"chunk":196,"numChunks":252,"fileHash":"uosZxi4dBSfu8Vg45yRueuIDfDVG+VKDRJUui7BOpAw=","filePath":"package-lock.json","content":"{\n  \"packages\": {\n    \"node_modules/mime-types\": {\n      \"version\": \"2.1.35\",\n      \"resolved\": \"https://registry.npmjs.org/mime-types/-/mime-types-2.1.35.tgz\",\n      \"integrity\": \"sha512-ZDY+bPm5zTTF+YpCrAU9nK0UgICYPT0QtT1NZWFv4s++TNkcgVaT0g6+4R2uI4MjQjzysHB1zxuWL50hzaeXiw==\",\n      \"license\": \"MIT\",\n      \"dependencies\": {\n        \"mime-db\": \"1.52.0\"\n      },\n      \"engines\": {\n        \"node\": \">= 0.6\"\n      }\n    },\n    \"node_modules/minimatch\": {\n      \"version\": \"3.1.2\",\n      \"resolved\": \"https://registry.npmjs.org/minimatch/-/minimatch-3.1.2.tgz\",\n      \"integrity\": \"sha512-J7p63hRiAjw1NDEww1W7i37+ByIrOWO5XQQAzZ3VOcL0PNybwpfmV/N05zFAzwQ9USyEcX6t3UO+K5aqBQOIHw==\",\n      \"dev\": true,\n      \"license\": \"ISC\",\n      \"dependencies\": {\n        \"brace-expansion\": \"^1.1.7\"\n      },\n      \"engines\": {\n        \"node\": \"*\"\n      }\n    },"}