{"chunk":138,"numChunks":252,"fileHash":"uosZxi4dBSfu8Vg45yRueuIDfDVG+VKDRJUui7BOpAw=","filePath":"package-lock.json","content":"{\n  \"packages\": {\n    \"node_modules/is-regex\": {\n      \"version\": \"1.2.1\",\n      \"resolved\": \"https://registry.npmjs.org/is-regex/-/is-regex-1.2.1.tgz\",\n      \"integrity\": \"sha512-MjYsKHO5O7mCsmRGxWcLWheFqN9DJ/2TmngvjKXihe6efViPqc274+Fx/4fYj/r03+ESvBdTXK0V6tA3rgez1g==\",\n      \"license\": \"MIT\",\n      \"dependencies\": {\n        \"call-bound\": \"^1.0.2\",\n        \"gopd\": \"^1.2.0\",\n        \"has-tostringtag\": \"^1.0.2\",\n        \"hasown\": \"^2.0.2\"\n      },\n      \"engines\": {\n        \"node\": \">= 0.4\"\n      },\n      \"funding\": {\n        \"url\": \"https://github.com/sponsors/ljharb\"\n      }\n    },\n    \"node_modules/isexe\": {\n      \"version\": \"2.0.0\",\n      \"resolved\": \"https://registry.npmjs.org/isexe/-/isexe-2.0.0.tgz\",\n      \"integrity\": \"sha512-RHxMLp9lnKHGHRng9QFhRCMbYAcVpn69smSGcq3f36xjgVVWThj4qqLbTLlq7Ssj8B+fIQ1EuCEGI2lKsyQeIw==\",\n      \"dev\": true,\n      \"license\": \"ISC\"\n    },"}