{"chunk":33,"numChunks":252,"fileHash":"uosZxi4dBSfu8Vg45yRueuIDfDVG+VKDRJUui7BOpAw=","filePath":"package-lock.json","content":"{\n  \"packages\": {\n    \"node_modules/@rollup/rollup-linux-riscv64-musl\": {\n      \"version\": \"4.52.5\",\n      \"resolved\": \"https://registry.npmjs.org/@rollup/rollup-linux-riscv64-musl/-/rollup-linux-riscv64-musl-4.52.5.tgz\",\n      \"integrity\": \"sha512-hq3jU/kGyjXWTvAh2awn8oHroCbrPm8JqM7RUpKjalIRWWXE01CQOf/tUNWNHjmbMHg/hmNCwc/Pz3k1T/j/Lg==\",\n      \"cpu\": [\n        \"riscv64\"\n      ],\n      \"dev\": true,\n      \"license\": \"MIT\",\n      \"optional\": true,\n      \"os\": [\n        \"linux\"\n      ]\n    },\n    \"node_modules/@rollup/rollup-linux-s390x-gnu\": {\n      \"version\": \"4.52.5\",\n      \"resolved\": \"https://registry.npmjs.org/@rollup/rollup-linux-s390x-gnu/-/rollup-linux-s390x-gnu-4.52.5.tgz\",\n      \"integrity\": \"sha512-gn8kHOrku8D4NGHMK1Y7NA7INQTRdVOntt1OCYypZPRt6skGbddska44K8iocdpxHTMMNui5oH4elPH4QOLrFQ==\",\n      \"cpu\": [\n        \"s390x\"\n      ],\n      \"dev\": true,\n      \"license\": \"MIT\",\n      \"optional\": true,\n      \"os\": [\n        \"linux\"\n      ]\n    },"}