{"chunk":105,"numChunks":252,"fileHash":"uosZxi4dBSfu8Vg45yRueuIDfDVG+VKDRJUui7BOpAw=","filePath":"package-lock.json","content":"{\n  \"packages\": {\n    \"node_modules/esutils\": {\n      \"version\": \"2.0.3\",\n      \"resolved\": \"https://registry.npmjs.org/esutils/-/esutils-2.0.3.tgz\",\n      \"integrity\": \"sha512-kVscqXk4OCp68SZ0dkgEKVi6/8ij300KBWTJq32P/dYeWTSwK41WyTxalN1eRmA5Z9UU/LX9D7FWSmV9SAYx6g==\",\n      \"dev\": true,\n      \"license\": \"BSD-2-Clause\",\n      \"engines\": {\n        \"node\": \">=0.10.0\"\n      }\n    },\n    \"node_modules/eventemitter3\": {\n      \"version\": \"2.0.3\",\n      \"resolved\": \"https://registry.npmjs.org/eventemitter3/-/eventemitter3-2.0.3.tgz\",\n      \"integrity\": \"sha512-jLN68Dx5kyFHaePoXWPsCGW5qdyZQtLYHkxkg02/Mz6g0kYpDx4FyP6XfArhQdlOC4b8Mv+EMxPo/8La7Tzghg==\",\n      \"license\": \"MIT\"\n    },"}