{"chunk":54,"numChunks":252,"fileHash":"uosZxi4dBSfu8Vg45yRueuIDfDVG+VKDRJUui7BOpAw=","filePath":"package-lock.json","content":"{\n  \"packages\": {\n    \"node_modules/@types/ms\": {\n      \"version\": \"2.1.0\",\n      \"resolved\": \"https://registry.npmjs.org/@types/ms/-/ms-2.1.0.tgz\",\n      \"integrity\": \"sha512-GsCCIZDE/p3i96vtEqx+7dBUGXrc7zeSK3wwPHIaRThS+9OhWIXRqzs4d6k1SVU8g91DrNRWxWUGhp5KXQb2VA==\",\n      \"license\": \"MIT\"\n    },\n    \"node_modules/@types/quill\": {\n      \"version\": \"1.3.10\",\n      \"resolved\": \"https://registry.npmjs.org/@types/quill/-/quill-1.3.10.tgz\",\n      \"integrity\": \"sha512-IhW3fPW+bkt9MLNlycw8u8fWb7oO7W5URC9MfZYHBlA24rex9rs23D5DETChu1zvgVdc5ka64ICjJOgQMr6Shw==\",\n      \"license\": \"MIT\",\n      \"dependencies\": {\n        \"parchment\": \"^1.1.2\"\n      }\n    },"}