{"chunk":193,"numChunks":252,"fileHash":"uosZxi4dBSfu8Vg45yRueuIDfDVG+VKDRJUui7BOpAw=","filePath":"package-lock.json","content":"{\n  \"packages\": {\n    \"node_modules/micromark-util-subtokenize\": {\n      \"version\": \"2.1.0\",\n      \"resolved\": \"https://registry.npmjs.org/micromark-util-subtokenize/-/micromark-util-subtokenize-2.1.0.tgz\",\n      \"integrity\": \"sha512-XQLu552iSctvnEcgXw6+Sx75GflAPNED1qx7eBJ+wydBb2KCbRZe+NwvIEEMM83uml1+2WSXpBAcp9IUCgCYWA==\",\n      \"funding\": [\n        {\n          \"type\": \"GitHub Sponsors\",\n          \"url\": \"https://github.com/sponsors/unifiedjs\"\n        },\n        {\n          \"type\": \"OpenCollective\",\n          \"url\": \"https://opencollective.com/unified\"\n        }\n      ],\n      \"license\": \"MIT\",\n      \"dependencies\": {\n        \"devlop\": \"^1.0.0\",\n        \"micromark-util-chunked\": \"^2.0.0\",\n        \"micromark-util-symbol\": \"^2.0.0\",\n        \"micromark-util-types\": \"^2.0.0\"\n      }\n    },"}