{"chunk":236,"numChunks":252,"fileHash":"uosZxi4dBSfu8Vg45yRueuIDfDVG+VKDRJUui7BOpAw=","filePath":"package-lock.json","content":"{\n  \"packages\": {\n    \"node_modules/strip-json-comments\": {\n      \"version\": \"3.1.1\",\n      \"resolved\": \"https://registry.npmjs.org/strip-json-comments/-/strip-json-comments-3.1.1.tgz\",\n      \"integrity\": \"sha512-6fPc+R4ihwqP6N/aIv2f1gMH8lOVtWQHoqC4yK6oSDVVocumAsfCqjkXnqiYMhmMwS/mEHLp7Vehlt3ql6lEig==\",\n      \"dev\": true,\n      \"license\": \"MIT\",\n      \"engines\": {\n        \"node\": \">=8\"\n      },\n      \"funding\": {\n        \"url\": \"https://github.com/sponsors/sindresorhus\"\n      }\n    },\n    \"node_modules/style-to-js\": {\n      \"version\": \"1.1.19\",\n      \"resolved\": \"https://registry.npmjs.org/style-to-js/-/style-to-js-1.1.19.tgz\",\n      \"integrity\": \"sha512-Ev+SgeqiNGT1ufsXyVC5RrJRXdrkRJ1Gol9Qw7Pb72YCKJXrBvP0ckZhBeVSrw2m06DJpei2528uIpjMb4TsoQ==\",\n      \"license\": \"MIT\",\n      \"dependencies\": {\n        \"style-to-object\": \"1.0.12\"\n      }\n    },"}