{"chunk":48,"numChunks":252,"fileHash":"uosZxi4dBSfu8Vg45yRueuIDfDVG+VKDRJUui7BOpAw=","filePath":"package-lock.json","content":"{\n  \"packages\": {\n    \"node_modules/@swc/core-win32-ia32-msvc\": {\n      \"version\": \"1.13.5\",\n      \"resolved\": \"https://registry.npmjs.org/@swc/core-win32-ia32-msvc/-/core-win32-ia32-msvc-1.13.5.tgz\",\n      \"integrity\": \"sha512-C5Yi/xIikrFUzZcyGj9L3RpKljFvKiDMtyDzPKzlsDrKIw2EYY+bF88gB6oGY5RGmv4DAX8dbnpRAqgFD0FMEw==\",\n      \"cpu\": [\n        \"ia32\"\n      ],\n      \"dev\": true,\n      \"license\": \"Apache-2.0 AND MIT\",\n      \"optional\": true,\n      \"os\": [\n        \"win32\"\n      ],\n      \"engines\": {\n        \"node\": \">=10\"\n      }\n    },"}