{"chunk":117,"numChunks":252,"fileHash":"uosZxi4dBSfu8Vg45yRueuIDfDVG+VKDRJUui7BOpAw=","filePath":"package-lock.json","content":"{\n  \"packages\": {\n    \"node_modules/globals\": {\n      \"version\": \"16.4.0\",\n      \"resolved\": \"https://registry.npmjs.org/globals/-/globals-16.4.0.tgz\",\n      \"integrity\": \"sha512-ob/2LcVVaVGCYN+r14cnwnoDPUufjiYgSqRhiFD0Q1iI4Odora5RE8Iv1D24hAz5oMophRGkGz+yuvQmmUMnMw==\",\n      \"dev\": true,\n      \"license\": \"MIT\",\n      \"engines\": {\n        \"node\": \">=18\"\n      },\n      \"funding\": {\n        \"url\": \"https://github.com/sponsors/sindresorhus\"\n      }\n    },\n    \"node_modules/gopd\": {\n      \"version\": \"1.2.0\",\n      \"resolved\": \"https://registry.npmjs.org/gopd/-/gopd-1.2.0.tgz\",\n      \"integrity\": \"sha512-ZUKRh6/kUFoAiTAtTYPZJ3hw9wNxx+BIBOijnlG9PnrJsCcSjs1wyyD6vJpaYtgnzDrKYRSqf3OO6Rfa93xsRg==\",\n      \"license\": \"MIT\",\n      \"engines\": {\n        \"node\": \">= 0.4\"\n      },\n      \"funding\": {\n        \"url\": \"https://github.com/sponsors/ljharb\"\n      }\n    },"}