{"chunk":198,"numChunks":252,"fileHash":"uosZxi4dBSfu8Vg45yRueuIDfDVG+VKDRJUui7BOpAw=","filePath":"package-lock.json","content":"{\n  \"packages\": {\n    \"node_modules/natural-compare\": {\n      \"version\": \"1.4.0\",\n      \"resolved\": \"https://registry.npmjs.org/natural-compare/-/natural-compare-1.4.0.tgz\",\n      \"integrity\": \"sha512-OWND8ei3VtNC9h7V60qff3SVobHr996CTwgxubgyQYEpg290h9J0buyECNNJexkFm5sOajh5G116RYA1c8ZMSw==\",\n      \"dev\": true,\n      \"license\": \"MIT\"\n    },\n    \"node_modules/object-assign\": {\n      \"version\": \"4.1.1\",\n      \"resolved\": \"https://registry.npmjs.org/object-assign/-/object-assign-4.1.1.tgz\",\n      \"integrity\": \"sha512-rJgTQnkUnH1sFw8yT6VSU3zD3sWmu6sZhIseY8VX+GRu3P6F7Fu+JNDoXfklElbLJSnc3FUQHVe4cU5hj+BcUg==\",\n      \"license\": \"MIT\",\n      \"peer\": true,\n      \"engines\": {\n        \"node\": \">=0.10.0\"\n      }\n    },"}