{"chunk":150,"numChunks":252,"fileHash":"uosZxi4dBSfu8Vg45yRueuIDfDVG+VKDRJUui7BOpAw=","filePath":"package-lock.json","content":"{\n  \"packages\": {\n    \"node_modules/mdast-util-gfm-autolink-literal\": {\n      \"version\": \"2.0.1\",\n      \"resolved\": \"https://registry.npmjs.org/mdast-util-gfm-autolink-literal/-/mdast-util-gfm-autolink-literal-2.0.1.tgz\",\n      \"integrity\": \"sha512-5HVP2MKaP6L+G6YaxPNjuL0BPrq9orG3TsrZ9YXbA3vDw/ACI4MEsnoDpn6ZNm7GnZgtAcONJyPhOP8tNJQavQ==\",\n      \"license\": \"MIT\",\n      \"dependencies\": {\n        \"@types/mdast\": \"^4.0.0\",\n        \"ccount\": \"^2.0.0\",\n        \"devlop\": \"^1.0.0\",\n        \"mdast-util-find-and-replace\": \"^3.0.0\",\n        \"micromark-util-character\": \"^2.0.0\"\n      },\n      \"funding\": {\n        \"type\": \"opencollective\",\n        \"url\": \"https://opencollective.com/unified\"\n      }\n    },"}