{"chunk":172,"numChunks":252,"fileHash":"uosZxi4dBSfu8Vg45yRueuIDfDVG+VKDRJUui7BOpAw=","filePath":"package-lock.json","content":"{\n  \"packages\": {\n    \"node_modules/micromark-extension-gfm-strikethrough\": {\n      \"version\": \"2.1.0\",\n      \"resolved\": \"https://registry.npmjs.org/micromark-extension-gfm-strikethrough/-/micromark-extension-gfm-strikethrough-2.1.0.tgz\",\n      \"integrity\": \"sha512-ADVjpOOkjz1hhkZLlBiYA9cR2Anf8F4HqZUO6e5eDcPQd0Txw5fxLzzxnEkSkfnD0wziSGiv7sYhk/ktvbf1uw==\",\n      \"license\": \"MIT\",\n      \"dependencies\": {\n        \"devlop\": \"^1.0.0\",\n        \"micromark-util-chunked\": \"^2.0.0\",\n        \"micromark-util-classify-character\": \"^2.0.0\",\n        \"micromark-util-resolve-all\": \"^2.0.0\",\n        \"micromark-util-symbol\": \"^2.0.0\",\n        \"micromark-util-types\": \"^2.0.0\"\n      },\n      \"funding\": {\n        \"type\": \"opencollective\",\n        \"url\": \"https://opencollective.com/unified\"\n      }\n    },"}