{"chunk":118,"numChunks":252,"fileHash":"uosZxi4dBSfu8Vg45yRueuIDfDVG+VKDRJUui7BOpAw=","filePath":"package-lock.json","content":"{\n  \"packages\": {\n    \"node_modules/has-flag\": {\n      \"version\": \"4.0.0\",\n      \"resolved\": \"https://registry.npmjs.org/has-flag/-/has-flag-4.0.0.tgz\",\n      \"integrity\": \"sha512-EykJT/Q1KjTWctppgIAgfSO0tKVuZUjhgMr17kqTumMl6Afv3EISleU7qZUzoXDFTAHTDC4NOoG/ZxU3EvlMPQ==\",\n      \"dev\": true,\n      \"license\": \"MIT\",\n      \"engines\": {\n        \"node\": \">=8\"\n      }\n    },\n    \"node_modules/has-property-descriptors\": {\n      \"version\": \"1.0.2\",\n      \"resolved\": \"https://registry.npmjs.org/has-property-descriptors/-/has-property-descriptors-1.0.2.tgz\",\n      \"integrity\": \"sha512-55JNKuIW+vq4Ke1BjOTjM2YctQIvCT7GFzHwmfZPGo5wnrgkid0YQtnAleFSqumZm4az3n2BS+erby5ipJdgrg==\",\n      \"license\": \"MIT\",\n      \"dependencies\": {\n        \"es-define-property\": \"^1.0.0\"\n      },\n      \"funding\": {\n        \"url\": \"https://github.com/sponsors/ljharb\"\n      }\n    },"}