{"chunk":74,"numChunks":252,"fileHash":"uosZxi4dBSfu8Vg45yRueuIDfDVG+VKDRJUui7BOpAw=","filePath":"package-lock.json","content":"{\n  \"packages\": {\n    \"node_modules/cookie\": {\n      \"version\": \"1.0.2\",\n      \"resolved\": \"https://registry.npmjs.org/cookie/-/cookie-1.0.2.tgz\",\n      \"integrity\": \"sha512-9Kr/j4O16ISv8zBBhJoi4bXOYNTkFLOqSL3UDB0njXxCXNezjeyVrJyGOWtgfs/q2km1gwBcfH8q1yEGoMYunA==\",\n      \"license\": \"MIT\",\n      \"engines\": {\n        \"node\": \">=18\"\n      }\n    },\n    \"node_modules/cross-spawn\": {\n      \"version\": \"7.0.6\",\n      \"resolved\": \"https://registry.npmjs.org/cross-spawn/-/cross-spawn-7.0.6.tgz\",\n      \"integrity\": \"sha512-uV2QOWP2nWzsy2aMp8aRibhi9dlzF5Hgh5SHaB9OiTGEyDTiJJyx0uy51QXdyWbtAHNua4XJzUKca3OzKUd3vA==\",\n      \"dev\": true,\n      \"license\": \"MIT\",\n      \"dependencies\": {\n        \"path-key\": \"^3.1.0\",\n        \"shebang-command\": \"^2.0.0\",\n        \"which\": \"^2.0.1\"\n      },\n      \"engines\": {\n        \"node\": \">= 8\"\n      }\n    },"}