{"chunk":231,"numChunks":252,"fileHash":"uosZxi4dBSfu8Vg45yRueuIDfDVG+VKDRJUui7BOpAw=","filePath":"package-lock.json","content":"{\n  \"packages\": {\n    \"node_modules/scheduler\": {\n      \"version\": \"0.23.2\",\n      \"resolved\": \"https://registry.npmjs.org/scheduler/-/scheduler-0.23.2.tgz\",\n      \"integrity\": \"sha512-UOShsPwz7NrMUqhR6t0hWjFduvOzbtv7toDH1/hIrfRNIDBnnBWd0CwJTGvTpngVlmwGCdP9/Zl/tVrDqcuYzQ==\",\n      \"license\": \"MIT\",\n      \"dependencies\": {\n        \"loose-envify\": \"^1.1.0\"\n      }\n    },\n    \"node_modules/set-cookie-parser\": {\n      \"version\": \"2.7.2\",\n      \"resolved\": \"https://registry.npmjs.org/set-cookie-parser/-/set-cookie-parser-2.7.2.tgz\",\n      \"integrity\": \"sha512-oeM1lpU/UvhTxw+g3cIfxXHyJRc/uidd3yK1P242gzHds0udQBYzs3y8j4gCCW+ZJ7ad0yctld8RYO+bdurlvw==\",\n      \"license\": \"MIT\"\n    },"}