{"chunk":113,"numChunks":252,"fileHash":"uosZxi4dBSfu8Vg45yRueuIDfDVG+VKDRJUui7BOpAw=","filePath":"package-lock.json","content":"{\n  \"packages\": {\n    \"node_modules/fsevents\": {\n      \"version\": \"2.3.3\",\n      \"resolved\": \"https://registry.npmjs.org/fsevents/-/fsevents-2.3.3.tgz\",\n      \"integrity\": \"sha512-5xoDfX+fL7faATnagmWPpbFtwh/R77WmMMqqHGS65C3vvB0YHrgF+B1YmZ3441tMj5n63k0212XNoJwzlhffQw==\",\n      \"dev\": true,\n      \"hasInstallScript\": true,\n      \"license\": \"MIT\",\n      \"optional\": true,\n      \"os\": [\n        \"darwin\"\n      ],\n      \"engines\": {\n        \"node\": \"^8.16.0 || ^10.6.0 || >=11.0.0\"\n      }\n    },\n    \"node_modules/function-bind\": {\n      \"version\": \"1.1.2\",\n      \"resolved\": \"https://registry.npmjs.org/function-bind/-/function-bind-1.1.2.tgz\",\n      \"integrity\": \"sha512-7XHNxH7qX9xG5mIwxkhumTox/MIRNcOgDrxWsMt2pAr23WHp6MrRlN7FBSFpCpr+oVO0F744iUgR82nJMfG2SA==\",\n      \"license\": \"MIT\",\n      \"funding\": {\n        \"url\": \"https://github.com/sponsors/ljharb\"\n      }\n    },"}