{"chunk":232,"numChunks":252,"fileHash":"uosZxi4dBSfu8Vg45yRueuIDfDVG+VKDRJUui7BOpAw=","filePath":"package-lock.json","content":"{\n  \"packages\": {\n    \"node_modules/set-function-length\": {\n      \"version\": \"1.2.2\",\n      \"resolved\": \"https://registry.npmjs.org/set-function-length/-/set-function-length-1.2.2.tgz\",\n      \"integrity\": \"sha512-pgRc4hJ4/sNjWCSS9AmnS40x3bNMDTknHgL5UaMBTMyJnU90EgWh1Rz+MC9eFu4BuN/UwZjKQuY/1v3rM7HMfg==\",\n      \"license\": \"MIT\",\n      \"dependencies\": {\n        \"define-data-property\": \"^1.1.4\",\n        \"es-errors\": \"^1.3.0\",\n        \"function-bind\": \"^1.1.2\",\n        \"get-intrinsic\": \"^1.2.4\",\n        \"gopd\": \"^1.0.1\",\n        \"has-property-descriptors\": \"^1.0.2\"\n      },\n      \"engines\": {\n        \"node\": \">= 0.4\"\n      }\n    },"}