{"chunk":129,"numChunks":252,"fileHash":"uosZxi4dBSfu8Vg45yRueuIDfDVG+VKDRJUui7BOpAw=","filePath":"package-lock.json","content":"{\n  \"packages\": {\n    \"node_modules/hastscript\": {\n      \"version\": \"9.0.1\",\n      \"resolved\": \"https://registry.npmjs.org/hastscript/-/hastscript-9.0.1.tgz\",\n      \"integrity\": \"sha512-g7df9rMFX/SPi34tyGCyUBREQoKkapwdY/T04Qn9TDWfHhAYt4/I0gMVirzK5wEzeUqIjEB+LXC/ypb7Aqno5w==\",\n      \"license\": \"MIT\",\n      \"dependencies\": {\n        \"@types/hast\": \"^3.0.0\",\n        \"comma-separated-tokens\": \"^2.0.0\",\n        \"hast-util-parse-selector\": \"^4.0.0\",\n        \"property-information\": \"^7.0.0\",\n        \"space-separated-tokens\": \"^2.0.0\"\n      },\n      \"funding\": {\n        \"type\": \"opencollective\",\n        \"url\": \"https://opencollective.com/unified\"\n      }\n    },"}