{"chunk":199,"numChunks":252,"fileHash":"uosZxi4dBSfu8Vg45yRueuIDfDVG+VKDRJUui7BOpAw=","filePath":"package-lock.json","content":"{\n  \"packages\": {\n    \"node_modules/object-is\": {\n      \"version\": \"1.1.6\",\n      \"resolved\": \"https://registry.npmjs.org/object-is/-/object-is-1.1.6.tgz\",\n      \"integrity\": \"sha512-F8cZ+KfGlSGi09lJT7/Nd6KJZ9ygtvYC0/UYYLI9nmQKLMnydpB9yvbv9K1uSkEu7FU9vYPmVwLg328tX+ot3Q==\",\n      \"license\": \"MIT\",\n      \"dependencies\": {\n        \"call-bind\": \"^1.0.7\",\n        \"define-properties\": \"^1.2.1\"\n      },\n      \"engines\": {\n        \"node\": \">= 0.4\"\n      },\n      \"funding\": {\n        \"url\": \"https://github.com/sponsors/ljharb\"\n      }\n    },\n    \"node_modules/object-keys\": {\n      \"version\": \"1.1.1\",\n      \"resolved\": \"https://registry.npmjs.org/object-keys/-/object-keys-1.1.1.tgz\",\n      \"integrity\": \"sha512-NuAESUOUMrlIXOfHKzD6bpPu3tYt3xvjNdRIQ+FeT0lNb4K8WR70CaDxhuNguS2XG+GjkyMwOzsN5ZktImfhLA==\",\n      \"license\": \"MIT\",\n      \"engines\": {\n        \"node\": \">= 0.4\"\n      }\n    },"}