{"chunk":197,"numChunks":252,"fileHash":"uosZxi4dBSfu8Vg45yRueuIDfDVG+VKDRJUui7BOpAw=","filePath":"package-lock.json","content":"{\n  \"packages\": {\n    \"node_modules/ms\": {\n      \"version\": \"2.1.3\",\n      \"resolved\": \"https://registry.npmjs.org/ms/-/ms-2.1.3.tgz\",\n      \"integrity\": \"sha512-6FlzubTLZG3J2a/NVCAleEhjzq5oxgHyaCU9yYXvcLsvoVaHJq/s5xXI6/XXP6tz7R9xAOtHnSO/tXtF3WRTlA==\",\n      \"license\": \"MIT\"\n    },\n    \"node_modules/nanoid\": {\n      \"version\": \"3.3.11\",\n      \"resolved\": \"https://registry.npmjs.org/nanoid/-/nanoid-3.3.11.tgz\",\n      \"integrity\": \"sha512-N8SpfPUnUp1bK+PMYW8qSWdl9U+wwNWI4QKxOYDy9JAro3WMX7p2OeVRF9v+347pnakNevPmiHhNmZ2HbFA76w==\",\n      \"dev\": true,\n      \"funding\": [\n        {\n          \"type\": \"github\",\n          \"url\": \"https://github.com/sponsors/ai\"\n        }\n      ],\n      \"license\": \"MIT\",\n      \"bin\": {\n        \"nanoid\": \"bin/nanoid.cjs\"\n      },\n      \"engines\": {\n        \"node\": \"^10 || ^12 || ^13.7 || ^14 || >=15.0.1\"\n      }\n    },"}