{"chunk":249,"numChunks":252,"fileHash":"uosZxi4dBSfu8Vg45yRueuIDfDVG+VKDRJUui7BOpAw=","filePath":"package-lock.json","content":"{\n  \"packages\": {\n    \"node_modules/vite\": {\n      \"version\": \"7.1.11\",\n      \"resolved\": \"https://registry.npmjs.org/vite/-/vite-7.1.11.tgz\",\n      \"integrity\": \"sha512-uzcxnSDVjAopEUjljkWh8EIrg6tlzrjFUfMcR1EVsRDGwf/ccef0qQPRyOrROwhrTDaApueq+ja+KLPlzR/zdg==\",\n      \"dev\": true,\n      \"license\": \"MIT\",\n      \"dependencies\": {\n        \"esbuild\": \"^0.25.0\",\n        \"fdir\": \"^6.5.0\",\n        \"picomatch\": \"^4.0.3\",\n        \"postcss\": \"^8.5.6\",\n        \"rollup\": \"^4.43.0\",\n        \"tinyglobby\": \"^0.2.15\"\n      },\n      \"bin\": {\n        \"vite\": \"bin/vite.js\"\n      },\n      \"engines\": {\n        \"node\": \"^20.19.0 || >=22.12.0\"\n      },"}