{"chunk":79,"numChunks":252,"fileHash":"uosZxi4dBSfu8Vg45yRueuIDfDVG+VKDRJUui7BOpAw=","filePath":"package-lock.json","content":"{\n  \"packages\": {\n    },\n    \"node_modules/define-data-property\": {\n      \"version\": \"1.1.4\",\n      \"resolved\": \"https://registry.npmjs.org/define-data-property/-/define-data-property-1.1.4.tgz\",\n      \"integrity\": \"sha512-rBMvIzlpA8v6E+SJZoo++HAYqsLrkg7MSfIinMPFhmkorw7X+dOXVJQs+QT69zGkzMyfDnIMN2Wid1+NbL3T+A==\",\n      \"license\": \"MIT\",\n      \"dependencies\": {\n        \"es-define-property\": \"^1.0.0\",\n        \"es-errors\": \"^1.3.0\",\n        \"gopd\": \"^1.0.1\"\n      },\n      \"engines\": {\n        \"node\": \">= 0.4\"\n      },\n      \"funding\": {\n        \"url\": \"https://github.com/sponsors/ljharb\"\n      }\n    },"}