{"chunk":58,"numChunks":252,"fileHash":"uosZxi4dBSfu8Vg45yRueuIDfDVG+VKDRJUui7BOpAw=","filePath":"package-lock.json","content":"{\n  \"packages\": {\n    \"node_modules/acorn\": {\n      \"version\": \"8.15.0\",\n      \"resolved\": \"https://registry.npmjs.org/acorn/-/acorn-8.15.0.tgz\",\n      \"integrity\": \"sha512-NZyJarBfL7nWwIq+FDL6Zp/yHEhePMNnnJ0y3qfieCrmNvYct8uvtiV41UvlSe6apAfk0fY1FbWx+NwfmpvtTg==\",\n      \"dev\": true,\n      \"license\": \"MIT\",\n      \"bin\": {\n        \"acorn\": \"bin/acorn\"\n      },\n      \"engines\": {\n        \"node\": \">=0.4.0\"\n      }\n    },\n    \"node_modules/acorn-jsx\": {\n      \"version\": \"5.3.2\",\n      \"resolved\": \"https://registry.npmjs.org/acorn-jsx/-/acorn-jsx-5.3.2.tgz\",\n      \"integrity\": \"sha512-rq9s+JNhf0IChjtDXxllJ7g41oZk5SlXtp0LHwyA5cejwn7vKmKp4pPri6YEePv2PU65sAsegbXtIinmDFDXgQ==\",\n      \"dev\": true,\n      \"license\": \"MIT\",\n      \"peerDependencies\": {\n        \"acorn\": \"^6.0.0 || ^7.0.0 || ^8.0.0\"\n      }\n    },"}