{"chunk":90,"numChunks":252,"fileHash":"uosZxi4dBSfu8Vg45yRueuIDfDVG+VKDRJUui7BOpAw=","filePath":"package-lock.json","content":"{\n  \"packages\": {\n    \"node_modules/esbuild\": {\n      \"optionalDependencies\": {\n        \"@esbuild/linux-mips64el\": \"0.25.11\",\n        \"@esbuild/linux-ppc64\": \"0.25.11\",\n        \"@esbuild/linux-riscv64\": \"0.25.11\",\n        \"@esbuild/linux-s390x\": \"0.25.11\",\n        \"@esbuild/linux-x64\": \"0.25.11\",\n        \"@esbuild/netbsd-arm64\": \"0.25.11\",\n        \"@esbuild/netbsd-x64\": \"0.25.11\",\n        \"@esbuild/openbsd-arm64\": \"0.25.11\",\n        \"@esbuild/openbsd-x64\": \"0.25.11\",\n        \"@esbuild/openharmony-arm64\": \"0.25.11\",\n        \"@esbuild/sunos-x64\": \"0.25.11\",\n        \"@esbuild/win32-arm64\": \"0.25.11\","}