{"chunk":159,"numChunks":252,"fileHash":"uosZxi4dBSfu8Vg45yRueuIDfDVG+VKDRJUui7BOpAw=","filePath":"package-lock.json","content":"{\n  \"packages\": {\n    \"node_modules/mdast-util-phrasing\": {\n      \"version\": \"4.1.0\",\n      \"resolved\": \"https://registry.npmjs.org/mdast-util-phrasing/-/mdast-util-phrasing-4.1.0.tgz\",\n      \"integrity\": \"sha512-TqICwyvJJpBwvGAMZjj4J2n0X8QWp21b9l0o7eXyVJ25YNWYbJDVIyD1bZXE6WtV6RmKJVYmQAKWa0zWOABz2w==\",\n      \"license\": \"MIT\",\n      \"dependencies\": {\n        \"@types/mdast\": \"^4.0.0\",\n        \"unist-util-is\": \"^6.0.0\"\n      },\n      \"funding\": {\n        \"type\": \"opencollective\",\n        \"url\": \"https://opencollective.com/unified\"\n      }\n    },"}