{"chunk":224,"numChunks":252,"fileHash":"uosZxi4dBSfu8Vg45yRueuIDfDVG+VKDRJUui7BOpAw=","filePath":"package-lock.json","content":"{\n  \"packages\": {\n    \"node_modules/remark-stringify\": {\n      \"version\": \"11.0.0\",\n      \"resolved\": \"https://registry.npmjs.org/remark-stringify/-/remark-stringify-11.0.0.tgz\",\n      \"integrity\": \"sha512-1OSmLd3awB/t8qdoEOMazZkNsfVTeY4fTsgzcQFdXNq8ToTN4ZGwrMnlda4K6smTFKD+GRV6O48i6Z4iKgPPpw==\",\n      \"license\": \"MIT\",\n      \"dependencies\": {\n        \"@types/mdast\": \"^4.0.0\",\n        \"mdast-util-to-markdown\": \"^2.0.0\",\n        \"unified\": \"^11.0.0\"\n      },\n      \"funding\": {\n        \"type\": \"opencollective\",\n        \"url\": \"https://opencollective.com/unified\"\n      }\n    },\n    \"node_modules/resolve-from\": {\n      \"version\": \"4.0.0\",\n      \"resolved\": \"https://registry.npmjs.org/resolve-from/-/resolve-from-4.0.0.tgz\",\n      \"integrity\": \"sha512-pb/MYmXstAkysRFx8piNI1tGFNQIFA3vkE3Gq4EuA1dF6gHp/+vgZqsCGJapvy8N3Q+4o7FwvquPJcnZ7RYy4g==\",\n      \"dev\": true,\n      \"license\": \"MIT\",\n      \"engines\": {\n        \"node\": \">=4\"\n      }\n    },"}