{"chunk":211,"numChunks":252,"fileHash":"uosZxi4dBSfu8Vg45yRueuIDfDVG+VKDRJUui7BOpAw=","filePath":"package-lock.json","content":"{\n  \"packages\": {\n    \"node_modules/quill-delta\": {\n      \"version\": \"3.6.3\",\n      \"resolved\": \"https://registry.npmjs.org/quill-delta/-/quill-delta-3.6.3.tgz\",\n      \"integrity\": \"sha512-wdIGBlcX13tCHOXGMVnnTVFtGRLoP0imqxM696fIPwIf5ODIYUHIvHbZcyvGlZFiFhK5XzDC2lpjbxRhnM05Tg==\",\n      \"license\": \"MIT\",\n      \"dependencies\": {\n        \"deep-equal\": \"^1.0.1\",\n        \"extend\": \"^3.0.2\",\n        \"fast-diff\": \"1.1.2\"\n      },\n      \"engines\": {\n        \"node\": \">=0.10\"\n      }\n    },\n    \"node_modules/react\": {\n      \"version\": \"18.2.0\",\n      \"resolved\": \"https://registry.npmjs.org/react/-/react-18.2.0.tgz\",\n      \"integrity\": \"sha512-/3IjMdb2L9QbBdWiW5e3P2/npwMBaU9mHCSCUzNln0ZCYbcfTsGbTJrU/kGemdH2IWmB2ioZ+zkxtmq6g09fGQ==\",\n      \"license\": \"MIT\",\n      \"dependencies\": {\n        \"loose-envify\": \"^1.1.0\"\n      },\n      \"engines\": {\n        \"node\": \">=0.10.0\"\n      }\n    },"}