{"chunk":85,"numChunks":252,"fileHash":"uosZxi4dBSfu8Vg45yRueuIDfDVG+VKDRJUui7BOpAw=","filePath":"package-lock.json","content":"{\n  \"packages\": {\n    \"node_modules/es-set-tostringtag\": {\n      \"version\": \"2.1.0\",\n      \"resolved\": \"https://registry.npmjs.org/es-set-tostringtag/-/es-set-tostringtag-2.1.0.tgz\",\n      \"integrity\": \"sha512-j6vWzfrGVfyXxge+O0x5sh6cvxAog0a/4Rdd2K36zCMV5eJ+/+tOAngRO8cODMNWbVRdVlmGZQL2YS3yR8bIUA==\",\n      \"license\": \"MIT\",\n      \"dependencies\": {\n        \"es-errors\": \"^1.3.0\",\n        \"get-intrinsic\": \"^1.2.6\",\n        \"has-tostringtag\": \"^1.0.2\",\n        \"hasown\": \"^2.0.2\"\n      },\n      \"engines\": {\n        \"node\": \">= 0.4\"\n      }\n    },"}