{"chunk":14,"numChunks":252,"fileHash":"uosZxi4dBSfu8Vg45yRueuIDfDVG+VKDRJUui7BOpAw=","filePath":"package-lock.json","content":"{\n  \"packages\": {\n    \"node_modules/@esbuild/sunos-x64\": {\n      \"version\": \"0.25.11\",\n      \"resolved\": \"https://registry.npmjs.org/@esbuild/sunos-x64/-/sunos-x64-0.25.11.tgz\",\n      \"integrity\": \"sha512-nq2xdYaWxyg9DcIyXkZhcYulC6pQ2FuCgem3LI92IwMgIZ69KHeY8T4Y88pcwoLIjbed8n36CyKoYRDygNSGhA==\",\n      \"cpu\": [\n        \"x64\"\n      ],\n      \"dev\": true,\n      \"license\": \"MIT\",\n      \"optional\": true,\n      \"os\": [\n        \"sunos\"\n      ],\n      \"engines\": {\n        \"node\": \">=18\"\n      }\n    },\n    \"node_modules/@esbuild/win32-arm64\": {\n      \"version\": \"0.25.11\",\n      \"resolved\": \"https://registry.npmjs.org/@esbuild/win32-arm64/-/win32-arm64-0.25.11.tgz\",\n      \"integrity\": \"sha512-3XxECOWJq1qMZ3MN8srCJ/QfoLpL+VaxD/WfNRm1O3B4+AZ/BnLVgFbUV3eiRYDMXetciH16dwPbbHqwe1uU0Q==\",\n      \"cpu\": [\n        \"arm64\"\n      ],\n      \"dev\": true,\n      \"license\": \"MIT\",\n      \"optional\": true,\n      \"os\": [\n        \"win32\"\n      ],\n      \"engines\": {\n        \"node\": \">=18\"\n      }\n    },"}