{"chunk":222,"numChunks":252,"fileHash":"uosZxi4dBSfu8Vg45yRueuIDfDVG+VKDRJUui7BOpAw=","filePath":"package-lock.json","content":"{\n  \"packages\": {\n    \"node_modules/remark-parse\": {\n      \"version\": \"11.0.0\",\n      \"resolved\": \"https://registry.npmjs.org/remark-parse/-/remark-parse-11.0.0.tgz\",\n      \"integrity\": \"sha512-FCxlKLNGknS5ba/1lmpYijMUzX2esxW5xQqjWxw2eHFfS2MSdaHVINFmhjo+qN1WhZhNimq0dZATN9pH0IDrpA==\",\n      \"license\": \"MIT\",\n      \"dependencies\": {\n        \"@types/mdast\": \"^4.0.0\",\n        \"mdast-util-from-markdown\": \"^2.0.0\",\n        \"micromark-util-types\": \"^2.0.0\",\n        \"unified\": \"^11.0.0\"\n      },\n      \"funding\": {\n        \"type\": \"opencollective\",\n        \"url\": \"https://opencollective.com/unified\"\n      }\n    },"}