{"chunk":18,"numChunks":252,"fileHash":"uosZxi4dBSfu8Vg45yRueuIDfDVG+VKDRJUui7BOpAw=","filePath":"package-lock.json","content":"{\n  \"packages\": {\n    \"node_modules/@eslint/config-array\": {\n      \"version\": \"0.21.1\",\n      \"resolved\": \"https://registry.npmjs.org/@eslint/config-array/-/config-array-0.21.1.tgz\",\n      \"integrity\": \"sha512-aw1gNayWpdI/jSYVgzN5pL0cfzU02GT3NBpeT/DXbx1/1x7ZKxFPd9bwrzygx/qiwIQiJ1sw/zD8qY/kRvlGHA==\",\n      \"dev\": true,\n      \"license\": \"Apache-2.0\",\n      \"dependencies\": {\n        \"@eslint/object-schema\": \"^2.1.7\",\n        \"debug\": \"^4.3.1\",\n        \"minimatch\": \"^3.1.2\"\n      },\n      \"engines\": {\n        \"node\": \"^18.18.0 || ^20.9.0 || >=21.1.0\"\n      }\n    },"}