{"chunk":57,"numChunks":252,"fileHash":"uosZxi4dBSfu8Vg45yRueuIDfDVG+VKDRJUui7BOpAw=","filePath":"package-lock.json","content":"{\n  \"packages\": {\n    \"node_modules/@ungap/structured-clone\": {\n      \"version\": \"1.3.0\",\n      \"resolved\": \"https://registry.npmjs.org/@ungap/structured-clone/-/structured-clone-1.3.0.tgz\",\n      \"integrity\": \"sha512-WmoN8qaIAo7WTYWbAZuG8PYEhn5fkz7dZrqTBZ7dtt//lL2Gwms1IcnQ5yHqjDfX8Ft5j4YzDM23f87zBfDe9g==\",\n      \"license\": \"ISC\"\n    },\n    \"node_modules/@vitejs/plugin-react-swc\": {\n      \"version\": \"4.1.0\",\n      \"resolved\": \"https://registry.npmjs.org/@vitejs/plugin-react-swc/-/plugin-react-swc-4.1.0.tgz\",\n      \"integrity\": \"sha512-Ff690TUck0Anlh7wdIcnsVMhofeEVgm44Y4OYdeeEEPSKyZHzDI9gfVBvySEhDfXtBp8tLCbfsVKPWEMEjq8/g==\",\n      \"dev\": true,\n      \"license\": \"MIT\",\n      \"dependencies\": {\n        \"@rolldown/pluginutils\": \"1.0.0-beta.35\",\n        \"@swc/core\": \"^1.13.5\"\n      },\n      \"engines\": {\n        \"node\": \"^20.19.0 || >=22.12.0\"\n      },\n      \"peerDependencies\": {\n        \"vite\": \"^4 || ^5 || ^6 || ^7\"\n      }\n    },"}