{"chunk":216,"numChunks":252,"fileHash":"uosZxi4dBSfu8Vg45yRueuIDfDVG+VKDRJUui7BOpAw=","filePath":"package-lock.json","content":"{\n  \"packages\": {\n    \"node_modules/react-router\": {\n      \"version\": \"7.9.4\",\n      \"resolved\": \"https://registry.npmjs.org/react-router/-/react-router-7.9.4.tgz\",\n      \"integrity\": \"sha512-SD3G8HKviFHg9xj7dNODUKDFgpG4xqD5nhyd0mYoB5iISepuZAvzSr8ywxgxKJ52yRzf/HWtVHc9AWwoTbljvA==\",\n      \"license\": \"MIT\",\n      \"dependencies\": {\n        \"cookie\": \"^1.0.1\",\n        \"set-cookie-parser\": \"^2.6.0\"\n      },\n      \"engines\": {\n        \"node\": \">=20.0.0\"\n      },\n      \"peerDependencies\": {\n        \"react\": \">=18\",\n        \"react-dom\": \">=18\"\n      },\n      \"peerDependenciesMeta\": {\n        \"react-dom\": {\n          \"optional\": true\n        }\n      }\n    },"}