{"chunk":109,"numChunks":252,"fileHash":"uosZxi4dBSfu8Vg45yRueuIDfDVG+VKDRJUui7BOpAw=","filePath":"package-lock.json","content":"{\n  \"packages\": {\n    \"node_modules/file-entry-cache\": {\n      \"version\": \"8.0.0\",\n      \"resolved\": \"https://registry.npmjs.org/file-entry-cache/-/file-entry-cache-8.0.0.tgz\",\n      \"integrity\": \"sha512-XXTUwCvisa5oacNGRP9SfNtYBNAMi+RPwBFmblZEF7N7swHYQS6/Zfk7SRwx4D5j3CH211YNRco1DEMNVfZCnQ==\",\n      \"dev\": true,\n      \"license\": \"MIT\",\n      \"dependencies\": {\n        \"flat-cache\": \"^4.0.0\"\n      },\n      \"engines\": {\n        \"node\": \">=16.0.0\"\n      }\n    },\n    \"node_modules/find-up\": {\n      \"version\": \"5.0.0\",\n      \"resolved\": \"https://registry.npmjs.org/find-up/-/find-up-5.0.0.tgz\",\n      \"integrity\": \"sha512-78/PXT1wlLLDgTzDs7sjq9hzz0vXD+zn+7wypEe4fXQxCmdmqfGsEPQxmiCSQI3ajFV91bVSsvNtrJRiW6nGng==\",\n      \"dev\": true,\n      \"license\": \"MIT\",\n      \"dependencies\": {\n        \"locate-path\": \"^6.0.0\",\n        \"path-exists\": \"^4.0.0\"\n      },\n      \"engines\": {\n        \"node\": \">=10\"\n      },\n      \"funding\": {\n        \"url\": \"https://github.com/sponsors/sindresorhus\"\n      }\n    },"}