{"chunk":167,"numChunks":252,"fileHash":"uosZxi4dBSfu8Vg45yRueuIDfDVG+VKDRJUui7BOpAw=","filePath":"package-lock.json","content":"{\n  \"packages\": {\n    \"node_modules/micromark-core-commonmark\": {\n      \"version\": \"2.0.3\",\n      \"resolved\": \"https://registry.npmjs.org/micromark-core-commonmark/-/micromark-core-commonmark-2.0.3.tgz\",\n      \"integrity\": \"sha512-RDBrHEMSxVFLg6xvnXmb1Ayr2WzLAWjeSATAoxwKYJV94TeNavgoIdA0a9ytzDSVzBy2YKFK+emCPOEibLeCrg==\",\n      \"funding\": [\n        {\n          \"type\": \"GitHub Sponsors\",\n          \"url\": \"https://github.com/sponsors/unifiedjs\"\n        },\n        {\n          \"type\": \"OpenCollective\",\n          \"url\": \"https://opencollective.com/unified\"\n        }\n      ],\n      \"license\": \"MIT\","}