{"chunk":64,"numChunks":252,"fileHash":"uosZxi4dBSfu8Vg45yRueuIDfDVG+VKDRJUui7BOpAw=","filePath":"package-lock.json","content":"{\n  \"packages\": {\n    \"node_modules/call-bind\": {\n      \"version\": \"1.0.8\",\n      \"resolved\": \"https://registry.npmjs.org/call-bind/-/call-bind-1.0.8.tgz\",\n      \"integrity\": \"sha512-oKlSFMcMwpUg2ednkhQ454wfWiU/ul3CkJe/PEHcTKuiX6RpbehUiFMXu13HalGZxfUwCQzZG747YXBn1im9ww==\",\n      \"license\": \"MIT\",\n      \"dependencies\": {\n        \"call-bind-apply-helpers\": \"^1.0.0\",\n        \"es-define-property\": \"^1.0.0\",\n        \"get-intrinsic\": \"^1.2.4\",\n        \"set-function-length\": \"^1.2.2\"\n      },\n      \"engines\": {\n        \"node\": \">= 0.4\"\n      },\n      \"funding\": {\n        \"url\": \"https://github.com/sponsors/ljharb\"\n      }\n    },"}