{"chunk":15,"numChunks":16,"fileHash":"ftMNNRCvGUAniCLa0ubOp1q+QCUe3NKH2dxnwIRZI8E=","filePath":"src/pages/DashboardPage.jsx","content":"// src/pages/DashboardPage.jsx\nfunction DashboardPage() {\n    return (\n        <div>\n            <div style={{ marginTop: '20px' }}>\n                {knowledgePoints.length === 0 ? (\n                ) : (\n                    <ul>\n                        {knowledgePoints.map((kp) => (\n                            // <li key={kp._id} style={{ border: '1px solid #ccc', margin: '10px', padding: '10px' }}>\n                            //     <h2>{kp.title}</h2>\n                            //     {/* 我们将在这里渲染内容 */}\n                            //     <p>状态: {kp.status}</p>\n                            // </li>\n                            // <li key={kp._id} /* ... */>\n                            //     <h2>{kp.title}</h2>\n                            //     {/* ... */}\n                            //     <Link to={`/kp/edit/${kp._id}`}>\n                            //         <button>编辑</button>\n                            //     </Link>\n                            //     <button onClick={() => handleDelete(kp._id)} style={{ marginLeft: '10px', background: 'red' }}>删除</button>\n                            // </li>"}