{"chunk":35,"numChunks":252,"fileHash":"uosZxi4dBSfu8Vg45yRueuIDfDVG+VKDRJUui7BOpAw=","filePath":"package-lock.json","content":"{\n  \"packages\": {\n    \"node_modules/@rollup/rollup-openharmony-arm64\": {\n      \"version\": \"4.52.5\",\n      \"resolved\": \"https://registry.npmjs.org/@rollup/rollup-openharmony-arm64/-/rollup-openharmony-arm64-4.52.5.tgz\",\n      \"integrity\": \"sha512-QoFqB6+/9Rly/RiPjaomPLmR/13cgkIGfA40LHly9zcH1S0bN2HVFYk3a1eAyHQyjs3ZJYlXvIGtcCs5tko9Cw==\",\n      \"cpu\": [\n        \"arm64\"\n      ],\n      \"dev\": true,\n      \"license\": \"MIT\",\n      \"optional\": true,\n      \"os\": [\n        \"openharmony\"\n      ]\n    },\n    \"node_modules/@rollup/rollup-win32-arm64-msvc\": {\n      \"version\": \"4.52.5\",\n      \"resolved\": \"https://registry.npmjs.org/@rollup/rollup-win32-arm64-msvc/-/rollup-win32-arm64-msvc-4.52.5.tgz\",\n      \"integrity\": \"sha512-w0cDWVR6MlTstla1cIfOGyl8+qb93FlAVutcor14Gf5Md5ap5ySfQ7R9S/NjNaMLSFdUnKGEasmVnu3lCMqB7w==\",\n      \"cpu\": [\n        \"arm64\"\n      ],\n      \"dev\": true,\n      \"license\": \"MIT\",\n      \"optional\": true,\n      \"os\": [\n        \"win32\"\n      ]\n    },"}