{"chunk":251,"numChunks":252,"fileHash":"uosZxi4dBSfu8Vg45yRueuIDfDVG+VKDRJUui7BOpAw=","filePath":"package-lock.json","content":"{\n  \"packages\": {\n    \"node_modules/which\": {\n      \"version\": \"2.0.2\",\n      \"resolved\": \"https://registry.npmjs.org/which/-/which-2.0.2.tgz\",\n      \"integrity\": \"sha512-BLI3Tl1TW3Pvl70l3yq3Y64i+awpwXqsGBYWkkqMtnbXgrMD+yj7rhW0kuEDxzJaYXGjEW5ogapKNMEKNMjibA==\",\n      \"dev\": true,\n      \"license\": \"ISC\",\n      \"dependencies\": {\n        \"isexe\": \"^2.0.0\"\n      },\n      \"bin\": {\n        \"node-which\": \"bin/node-which\"\n      },\n      \"engines\": {\n        \"node\": \">= 8\"\n      }\n    },\n    \"node_modules/word-wrap\": {\n      \"version\": \"1.2.5\",\n      \"resolved\": \"https://registry.npmjs.org/word-wrap/-/word-wrap-1.2.5.tgz\",\n      \"integrity\": \"sha512-BN22B5eaMMI9UMtjrGd5g5eCYPpCPDUy0FJXbYsaT5zYxjFOckS53SQDE3pWkVoWpHXVb3BrYcEN4Twa55B5cA==\",\n      \"dev\": true,\n      \"license\": \"MIT\",\n      \"engines\": {\n        \"node\": \">=0.10.0\"\n      }\n    },"}