{"chunk":11,"numChunks":252,"fileHash":"uosZxi4dBSfu8Vg45yRueuIDfDVG+VKDRJUui7BOpAw=","filePath":"package-lock.json","content":"{\n  \"packages\": {\n    \"node_modules/@esbuild/linux-x64\": {\n      \"version\": \"0.25.11\",\n      \"resolved\": \"https://registry.npmjs.org/@esbuild/linux-x64/-/linux-x64-0.25.11.tgz\",\n      \"integrity\": \"sha512-HSFAT4+WYjIhrHxKBwGmOOSpphjYkcswF449j6EjsjbinTZbp8PJtjsVK1XFJStdzXdy/jaddAep2FGY+wyFAQ==\",\n      \"cpu\": [\n        \"x64\"\n      ],\n      \"dev\": true,\n      \"license\": \"MIT\",\n      \"optional\": true,\n      \"os\": [\n        \"linux\"\n      ],\n      \"engines\": {\n        \"node\": \">=18\"\n      }\n    },\n    \"node_modules/@esbuild/netbsd-arm64\": {\n      \"version\": \"0.25.11\",\n      \"resolved\": \"https://registry.npmjs.org/@esbuild/netbsd-arm64/-/netbsd-arm64-0.25.11.tgz\",\n      \"integrity\": \"sha512-hr9Oxj1Fa4r04dNpWr3P8QKVVsjQhqrMSUzZzf+LZcYjZNqhA3IAfPQdEh1FLVUJSiu6sgAwp3OmwBfbFgG2Xg==\",\n      \"cpu\": [\n        \"arm64\"\n      ],\n      \"dev\": true,\n      \"license\": \"MIT\",\n      \"optional\": true,\n      \"os\": [\n        \"netbsd\"\n      ],\n      \"engines\": {\n        \"node\": \">=18\"\n      }\n    },"}