{"chunk":100,"numChunks":252,"fileHash":"uosZxi4dBSfu8Vg45yRueuIDfDVG+VKDRJUui7BOpAw=","filePath":"package-lock.json","content":"{\n  \"packages\": {\n    \"node_modules/eslint-scope\": {\n      \"version\": \"8.4.0\",\n      \"resolved\": \"https://registry.npmjs.org/eslint-scope/-/eslint-scope-8.4.0.tgz\",\n      \"integrity\": \"sha512-sNXOfKCn74rt8RICKMvJS7XKV/Xk9kA7DyJr8mJik3S7Cwgy3qlkkmyS2uQB3jiJg6VNdZd/pDBJu0nvG2NlTg==\",\n      \"dev\": true,\n      \"license\": \"BSD-2-Clause\",\n      \"dependencies\": {\n        \"esrecurse\": \"^4.3.0\",\n        \"estraverse\": \"^5.2.0\"\n      },\n      \"engines\": {\n        \"node\": \"^18.18.0 || ^20.9.0 || >=21.1.0\"\n      },\n      \"funding\": {\n        \"url\": \"https://opencollective.com/eslint\"\n      }\n    },"}