{"chunk":210,"numChunks":252,"fileHash":"uosZxi4dBSfu8Vg45yRueuIDfDVG+VKDRJUui7BOpAw=","filePath":"package-lock.json","content":"{\n  \"packages\": {\n    \"node_modules/punycode\": {\n      \"version\": \"2.3.1\",\n      \"resolved\": \"https://registry.npmjs.org/punycode/-/punycode-2.3.1.tgz\",\n      \"integrity\": \"sha512-vYt7UD1U9Wg6138shLtLOvdAu+8DsC/ilFtEVHcH+wydcSpNE20AfSOduf6MkRFahL5FY7X1oU7nKVZFtfq8Fg==\",\n      \"dev\": true,\n      \"license\": \"MIT\",\n      \"engines\": {\n        \"node\": \">=6\"\n      }\n    },\n    \"node_modules/quill\": {\n      \"version\": \"1.3.7\",\n      \"resolved\": \"https://registry.npmjs.org/quill/-/quill-1.3.7.tgz\",\n      \"integrity\": \"sha512-hG/DVzh/TiknWtE6QmWAF/pxoZKYxfe3J/d/+ShUWkDvvkZQVTPeVmUJVu1uE6DDooC4fWTiCLh84ul89oNz5g==\",\n      \"license\": \"BSD-3-Clause\",\n      \"dependencies\": {\n        \"clone\": \"^2.1.1\",\n        \"deep-equal\": \"^1.0.1\",\n        \"eventemitter3\": \"^2.0.3\",\n        \"extend\": \"^3.0.2\",\n        \"parchment\": \"^1.1.4\",\n        \"quill-delta\": \"^3.6.2\"\n      }\n    },"}