{"chunk":36,"numChunks":252,"fileHash":"uosZxi4dBSfu8Vg45yRueuIDfDVG+VKDRJUui7BOpAw=","filePath":"package-lock.json","content":"{\n  \"packages\": {\n    \"node_modules/@rollup/rollup-win32-ia32-msvc\": {\n      \"version\": \"4.52.5\",\n      \"resolved\": \"https://registry.npmjs.org/@rollup/rollup-win32-ia32-msvc/-/rollup-win32-ia32-msvc-4.52.5.tgz\",\n      \"integrity\": \"sha512-Aufdpzp7DpOTULJCuvzqcItSGDH73pF3ko/f+ckJhxQyHtp67rHw3HMNxoIdDMUITJESNE6a8uh4Lo4SLouOUg==\",\n      \"cpu\": [\n        \"ia32\"\n      ],\n      \"dev\": true,\n      \"license\": \"MIT\",\n      \"optional\": true,\n      \"os\": [\n        \"win32\"\n      ]\n    },\n    \"node_modules/@rollup/rollup-win32-x64-gnu\": {\n      \"version\": \"4.52.5\",\n      \"resolved\": \"https://registry.npmjs.org/@rollup/rollup-win32-x64-gnu/-/rollup-win32-x64-gnu-4.52.5.tgz\",\n      \"integrity\": \"sha512-UGBUGPFp1vkj6p8wCRraqNhqwX/4kNQPS57BCFc8wYh0g94iVIW33wJtQAx3G7vrjjNtRaxiMUylM0ktp/TRSQ==\",\n      \"cpu\": [\n        \"x64\"\n      ],\n      \"dev\": true,\n      \"license\": \"MIT\",\n      \"optional\": true,\n      \"os\": [\n        \"win32\"\n      ]\n    },"}