{"chunk":104,"numChunks":252,"fileHash":"uosZxi4dBSfu8Vg45yRueuIDfDVG+VKDRJUui7BOpAw=","filePath":"package-lock.json","content":"{\n  \"packages\": {\n    \"node_modules/estraverse\": {\n      \"version\": \"5.3.0\",\n      \"resolved\": \"https://registry.npmjs.org/estraverse/-/estraverse-5.3.0.tgz\",\n      \"integrity\": \"sha512-MMdARuVEQziNTeJD8DgMqmhwR11BRQ/cBP+pLtYdSTnf3MIO8fFeiINEbX36ZdNlfU/7A9f3gUw49B3oQsvwBA==\",\n      \"dev\": true,\n      \"license\": \"BSD-2-Clause\",\n      \"engines\": {\n        \"node\": \">=4.0\"\n      }\n    },\n    \"node_modules/estree-util-is-identifier-name\": {\n      \"version\": \"3.0.0\",\n      \"resolved\": \"https://registry.npmjs.org/estree-util-is-identifier-name/-/estree-util-is-identifier-name-3.0.0.tgz\",\n      \"integrity\": \"sha512-hFtqIDZTIUZ9BXLb8y4pYGyk6+wekIivNVTcmvk8NoOh+VeRn5y6cEHzbURrWbfp1fIqdVipilzj+lfaadNZmg==\",\n      \"license\": \"MIT\",\n      \"funding\": {\n        \"type\": \"opencollective\",\n        \"url\": \"https://opencollective.com/unified\"\n      }\n    },"}