{"chunk":106,"numChunks":252,"fileHash":"uosZxi4dBSfu8Vg45yRueuIDfDVG+VKDRJUui7BOpAw=","filePath":"package-lock.json","content":"{\n  \"packages\": {\n    \"node_modules/extend\": {\n      \"version\": \"3.0.2\",\n      \"resolved\": \"https://registry.npmjs.org/extend/-/extend-3.0.2.tgz\",\n      \"integrity\": \"sha512-fjquC59cD7CyW6urNXK0FBufkZcoiGG80wTuPujX590cB5Ttln20E2UB4S/WARVqhXffZl2LNgS+gQdPIIim/g==\",\n      \"license\": \"MIT\"\n    },\n    \"node_modules/fast-deep-equal\": {\n      \"version\": \"3.1.3\",\n      \"resolved\": \"https://registry.npmjs.org/fast-deep-equal/-/fast-deep-equal-3.1.3.tgz\",\n      \"integrity\": \"sha512-f3qQ9oQy9j2AhBe/H9VC91wLmKBCCU/gDOnKNAYG5hswO7BLKj09Hc5HYNz9cGI++xlpDCIgDaitVs03ATR84Q==\",\n      \"dev\": true,\n      \"license\": \"MIT\"\n    },"}