{"chunk":125,"numChunks":252,"fileHash":"uosZxi4dBSfu8Vg45yRueuIDfDVG+VKDRJUui7BOpAw=","filePath":"package-lock.json","content":"{\n  \"packages\": {\n    \"node_modules/hast-util-to-jsx-runtime\": {\n      \"version\": \"2.3.6\",\n      \"resolved\": \"https://registry.npmjs.org/hast-util-to-jsx-runtime/-/hast-util-to-jsx-runtime-2.3.6.tgz\",\n      \"integrity\": \"sha512-zl6s8LwNyo1P9uw+XJGvZtdFF1GdAkOg8ujOw+4Pyb76874fLps4ueHXDhXWdk6YHQ6OgUtinliG7RsYvCbbBg==\",\n      \"license\": \"MIT\",\n      \"dependencies\": {\n        \"@types/estree\": \"^1.0.0\",\n        \"@types/hast\": \"^3.0.0\",\n        \"@types/unist\": \"^3.0.0\",\n        \"comma-separated-tokens\": \"^2.0.0\",\n        \"devlop\": \"^1.0.0\",\n        \"estree-util-is-identifier-name\": \"^3.0.0\",\n        \"hast-util-whitespace\": \"^3.0.0\",\n        \"mdast-util-mdx-expression\": \"^2.0.0\",\n        \"mdast-util-mdx-jsx\": \"^3.0.0\",\n        \"mdast-util-mdxjs-esm\": \"^2.0.0\",\n        \"property-information\": \"^7.0.0\",\n        \"space-separated-tokens\": \"^2.0.0\",\n        \"style-to-js\": \"^1.0.0\",\n        \"unist-util-position\": \"^5.0.0\",\n        \"vfile-message\": \"^4.0.0\"\n      },\n      \"funding\": {\n        \"type\": \"opencollective\",\n        \"url\": \"https://opencollective.com/unified"}