{"chunk":101,"numChunks":252,"fileHash":"uosZxi4dBSfu8Vg45yRueuIDfDVG+VKDRJUui7BOpAw=","filePath":"package-lock.json","content":"{\n  \"packages\": {\n    \"node_modules/eslint-visitor-keys\": {\n      \"version\": \"4.2.1\",\n      \"resolved\": \"https://registry.npmjs.org/eslint-visitor-keys/-/eslint-visitor-keys-4.2.1.tgz\",\n      \"integrity\": \"sha512-Uhdk5sfqcee/9H/rCOJikYz67o0a2Tw2hGRPOG2Y1R2dg7brRe1uG0yaNQDHu+TO/uQPF/5eCapvYSmHUjt7JQ==\",\n      \"dev\": true,\n      \"license\": \"Apache-2.0\",\n      \"engines\": {\n        \"node\": \"^18.18.0 || ^20.9.0 || >=21.1.0\"\n      },\n      \"funding\": {\n        \"url\": \"https://opencollective.com/eslint\"\n      }\n    },"}