{"chunk":171,"numChunks":252,"fileHash":"uosZxi4dBSfu8Vg45yRueuIDfDVG+VKDRJUui7BOpAw=","filePath":"package-lock.json","content":"{\n  \"packages\": {\n    \"node_modules/micromark-extension-gfm-footnote\": {\n      \"version\": \"2.1.0\",\n      \"resolved\": \"https://registry.npmjs.org/micromark-extension-gfm-footnote/-/micromark-extension-gfm-footnote-2.1.0.tgz\",\n      \"integrity\": \"sha512-/yPhxI1ntnDNsiHtzLKYnE3vf9JZ6cAisqVDauhp4CEHxlb4uoOTxOCJ+9s51bIB8U1N1FJ1RXOKTIlD5B/gqw==\",\n      \"license\": \"MIT\",\n      \"dependencies\": {\n        \"devlop\": \"^1.0.0\",\n        \"micromark-core-commonmark\": \"^2.0.0\",\n        \"micromark-factory-space\": \"^2.0.0\",\n        \"micromark-util-character\": \"^2.0.0\",\n        \"micromark-util-normalize-identifier\": \"^2.0.0\",\n        \"micromark-util-sanitize-uri\": \"^2.0.0\",\n        \"micromark-util-symbol\": \"^2.0.0\",\n        \"micromark-util-types\": \"^2.0.0\"\n      },\n      \"funding\": {\n        \"type\": \"opencollective\",\n        \"url\": \"https://opencollective.com/unified\"\n      }\n    },"}