{"chunk":82,"numChunks":252,"fileHash":"uosZxi4dBSfu8Vg45yRueuIDfDVG+VKDRJUui7BOpAw=","filePath":"package-lock.json","content":"{\n  \"packages\": {\n    \"node_modules/dompurify\": {\n      \"version\": \"3.3.0\",\n      \"resolved\": \"https://registry.npmjs.org/dompurify/-/dompurify-3.3.0.tgz\",\n      \"integrity\": \"sha512-r+f6MYR1gGN1eJv0TVQbhA7if/U7P87cdPl3HN5rikqaBSBxLiCb/b9O+2eG0cxz0ghyU+mU1QkbsOwERMYlWQ==\",\n      \"license\": \"(MPL-2.0 OR Apache-2.0)\",\n      \"optionalDependencies\": {\n        \"@types/trusted-types\": \"^2.0.7\"\n      }\n    },\n    \"node_modules/dunder-proto\": {\n      \"version\": \"1.0.1\",\n      \"resolved\": \"https://registry.npmjs.org/dunder-proto/-/dunder-proto-1.0.1.tgz\",\n      \"integrity\": \"sha512-KIN/nDJBQRcXw0MLVhZE9iQHmG68qAVIBg9CqmUYjmQIhgij9U5MFvrqkUL5FbtyyzZuOeOt0zdeRe4UY7ct+A==\",\n      \"license\": \"MIT\",\n      \"dependencies\": {\n        \"call-bind-apply-helpers\": \"^1.0.1\",\n        \"es-errors\": \"^1.3.0\",\n        \"gopd\": \"^1.2.0\"\n      },\n      \"engines\": {\n        \"node\": \">= 0.4\"\n      }\n    },"}