{"chunk":234,"numChunks":252,"fileHash":"uosZxi4dBSfu8Vg45yRueuIDfDVG+VKDRJUui7BOpAw=","filePath":"package-lock.json","content":"{\n  \"packages\": {\n    \"node_modules/shebang-regex\": {\n      \"version\": \"3.0.0\",\n      \"resolved\": \"https://registry.npmjs.org/shebang-regex/-/shebang-regex-3.0.0.tgz\",\n      \"integrity\": \"sha512-7++dFhtcx3353uBaq8DDR4NuxBetBzC7ZQOhmTQInHEd6bSrXdiEyzCvG07Z44UYdLShWUyXt5M/yhz8ekcb1A==\",\n      \"dev\": true,\n      \"license\": \"MIT\",\n      \"engines\": {\n        \"node\": \">=8\"\n      }\n    },\n    \"node_modules/source-map-js\": {\n      \"version\": \"1.2.1\",\n      \"resolved\": \"https://registry.npmjs.org/source-map-js/-/source-map-js-1.2.1.tgz\",\n      \"integrity\": \"sha512-UXWMKhLOwVKb728IUtQPXxfYU+usdybtUrK/8uGE8CQMvrhOpwvzDBwj0QhSL7MQc7vIsISBG8VQ8+IDQxpfQA==\",\n      \"dev\": true,\n      \"license\": \"BSD-3-Clause\",\n      \"engines\": {\n        \"node\": \">=0.10.0\"\n      }\n    },"}