{"chunk":46,"numChunks":252,"fileHash":"uosZxi4dBSfu8Vg45yRueuIDfDVG+VKDRJUui7BOpAw=","filePath":"package-lock.json","content":"{\n  \"packages\": {\n    \"node_modules/@swc/core-linux-x64-musl\": {\n      \"version\": \"1.13.5\",\n      \"resolved\": \"https://registry.npmjs.org/@swc/core-linux-x64-musl/-/core-linux-x64-musl-1.13.5.tgz\",\n      \"integrity\": \"sha512-Luj8y4OFYx4DHNQTWjdIuKTq2f5k6uSXICqx+FSabnXptaOBAbJHNbHT/06JZh6NRUouaf0mYXN0mcsqvkhd7Q==\",\n      \"cpu\": [\n        \"x64\"\n      ],\n      \"dev\": true,\n      \"license\": \"Apache-2.0 AND MIT\",\n      \"optional\": true,\n      \"os\": [\n        \"linux\"\n      ],\n      \"engines\": {\n        \"node\": \">=10\"\n      }\n    },"}