{"chunk":233,"numChunks":252,"fileHash":"uosZxi4dBSfu8Vg45yRueuIDfDVG+VKDRJUui7BOpAw=","filePath":"package-lock.json","content":"{\n  \"packages\": {\n    \"node_modules/set-function-name\": {\n      \"version\": \"2.0.2\",\n      \"resolved\": \"https://registry.npmjs.org/set-function-name/-/set-function-name-2.0.2.tgz\",\n      \"integrity\": \"sha512-7PGFlmtwsEADb0WYyvCMa1t+yke6daIG4Wirafur5kcf+MhUnPms1UeR0CKQdTZD81yESwMHbtn+TR+dMviakQ==\",\n      \"license\": \"MIT\",\n      \"dependencies\": {\n        \"define-data-property\": \"^1.1.4\",\n        \"es-errors\": \"^1.3.0\",\n        \"functions-have-names\": \"^1.2.3\",\n        \"has-property-descriptors\": \"^1.0.2\"\n      },\n      \"engines\": {\n        \"node\": \">= 0.4\"\n      }\n    },\n    \"node_modules/shebang-command\": {\n      \"version\": \"2.0.0\",\n      \"resolved\": \"https://registry.npmjs.org/shebang-command/-/shebang-command-2.0.0.tgz\",\n      \"integrity\": \"sha512-kHxr2zZpYtdmrN1qDjrrX/Z1rR1kG8Dx+gkpK1G4eXmvXswmcE1hTWBWYUzlraYw1/yZp6YuDY77YtvbN0dmDA==\",\n      \"dev\": true,\n      \"license\": \"MIT\",\n      \"dependencies\": {\n        \"shebang-regex\": \"^3.0.0\"\n      },\n      \"engines\": {\n        \"node\": \">=8\"\n      }\n    },"}