{"chunk":238,"numChunks":252,"fileHash":"uosZxi4dBSfu8Vg45yRueuIDfDVG+VKDRJUui7BOpAw=","filePath":"package-lock.json","content":"{\n  \"packages\": {\n    \"node_modules/tinyglobby\": {\n      \"version\": \"0.2.15\",\n      \"resolved\": \"https://registry.npmjs.org/tinyglobby/-/tinyglobby-0.2.15.tgz\",\n      \"integrity\": \"sha512-j2Zq4NyQYG5XMST4cbs02Ak8iJUdxRM0XI5QyxXuZOzKOINmWurp3smXu3y5wDcJrptwpSjgXHzIQxR0omXljQ==\",\n      \"dev\": true,\n      \"license\": \"MIT\",\n      \"dependencies\": {\n        \"fdir\": \"^6.5.0\",\n        \"picomatch\": \"^4.0.3\"\n      },\n      \"engines\": {\n        \"node\": \">=12.0.0\"\n      },\n      \"funding\": {\n        \"url\": \"https://github.com/sponsors/SuperchupuDev\"\n      }\n    },\n    \"node_modules/trim-lines\": {\n      \"version\": \"3.0.1\",\n      \"resolved\": \"https://registry.npmjs.org/trim-lines/-/trim-lines-3.0.1.tgz\",\n      \"integrity\": \"sha512-kRj8B+YHZCc9kQYdWfJB2/oUl9rA99qbowYYBtr4ui4mZyAQ2JpvVBd/6U2YloATfqBhBTSMhTpgBHtU0Mf3Rg==\",\n      \"license\": \"MIT\",\n      \"funding\": {\n        \"type\": \"github\",\n        \"url\": \"https://github.com/sponsors/wooorm\"\n      }\n    },"}