{"chunk":155,"numChunks":252,"fileHash":"uosZxi4dBSfu8Vg45yRueuIDfDVG+VKDRJUui7BOpAw=","filePath":"package-lock.json","content":"{\n  \"packages\": {\n    \"node_modules/mdast-util-math\": {\n      \"version\": \"3.0.0\",\n      \"resolved\": \"https://registry.npmjs.org/mdast-util-math/-/mdast-util-math-3.0.0.tgz\",\n      \"integrity\": \"sha512-Tl9GBNeG/AhJnQM221bJR2HPvLOSnLE/T9cJI9tlc6zwQk2nPk/4f0cHkOdEixQPC/j8UtKDdITswvLAy1OZ1w==\",\n      \"license\": \"MIT\",\n      \"dependencies\": {\n        \"@types/hast\": \"^3.0.0\",\n        \"@types/mdast\": \"^4.0.0\",\n        \"devlop\": \"^1.0.0\",\n        \"longest-streak\": \"^3.0.0\",\n        \"mdast-util-from-markdown\": \"^2.0.0\",\n        \"mdast-util-to-markdown\": \"^2.1.0\",\n        \"unist-util-remove-position\": \"^5.0.0\"\n      },\n      \"funding\": {\n        \"type\": \"opencollective\",\n        \"url\": \"https://opencollective.com/unified\"\n      }\n    },"}