{"chunk":145,"numChunks":252,"fileHash":"uosZxi4dBSfu8Vg45yRueuIDfDVG+VKDRJUui7BOpAw=","filePath":"package-lock.json","content":"{\n  \"packages\": {\n    \"node_modules/loose-envify\": {\n      \"version\": \"1.4.0\",\n      \"resolved\": \"https://registry.npmjs.org/loose-envify/-/loose-envify-1.4.0.tgz\",\n      \"integrity\": \"sha512-lyuxPGr/Wfhrlem2CL/UcnUc1zcqKAImBDzukY7Y5F/yQiNdko6+fRLevlw1HgMySw7f611UIY408EtxRSoK3Q==\",\n      \"license\": \"MIT\",\n      \"dependencies\": {\n        \"js-tokens\": \"^3.0.0 || ^4.0.0\"\n      },\n      \"bin\": {\n        \"loose-envify\": \"cli.js\"\n      }\n    },\n    \"node_modules/markdown-table\": {\n      \"version\": \"3.0.4\",\n      \"resolved\": \"https://registry.npmjs.org/markdown-table/-/markdown-table-3.0.4.tgz\",\n      \"integrity\": \"sha512-wiYz4+JrLyb/DqW2hkFJxP7Vd7JuTDm77fvbM8VfEQdmSMqcImWeeRbHwZjBjIFki/VaMK2BhFi7oUUZeM5bqw==\",\n      \"license\": \"MIT\",\n      \"funding\": {\n        \"type\": \"github\",\n        \"url\": \"https://github.com/sponsors/wooorm\"\n      }\n    },"}