{"chunk":76,"numChunks":252,"fileHash":"uosZxi4dBSfu8Vg45yRueuIDfDVG+VKDRJUui7BOpAw=","filePath":"package-lock.json","content":"{\n  \"packages\": {\n    \"node_modules/decode-named-character-reference\": {\n      \"version\": \"1.2.0\",\n      \"resolved\": \"https://registry.npmjs.org/decode-named-character-reference/-/decode-named-character-reference-1.2.0.tgz\",\n      \"integrity\": \"sha512-c6fcElNV6ShtZXmsgNgFFV5tVX2PaV4g+MOAkb8eXHvn6sryJBrZa9r0zV6+dtTyoCKxtDy5tyQ5ZwQuidtd+Q==\",\n      \"license\": \"MIT\",\n      \"dependencies\": {\n        \"character-entities\": \"^2.0.0\"\n      },\n      \"funding\": {\n        \"type\": \"github\",\n        \"url\": \"https://github.com/sponsors/wooorm\"\n      }\n    },"}