{"chunk":202,"numChunks":252,"fileHash":"uosZxi4dBSfu8Vg45yRueuIDfDVG+VKDRJUui7BOpAw=","filePath":"package-lock.json","content":"{\n  \"packages\": {\n    \"node_modules/parchment\": {\n      \"version\": \"1.1.4\",\n      \"resolved\": \"https://registry.npmjs.org/parchment/-/parchment-1.1.4.tgz\",\n      \"integrity\": \"sha512-J5FBQt/pM2inLzg4hEWmzQx/8h8D0CiDxaG3vyp9rKrQRSDgBlhjdP5jQGgosEajXPSQouXGHOmVdgo7QmJuOg==\",\n      \"license\": \"BSD-3-Clause\"\n    },\n    \"node_modules/parent-module\": {\n      \"version\": \"1.0.1\",\n      \"resolved\": \"https://registry.npmjs.org/parent-module/-/parent-module-1.0.1.tgz\",\n      \"integrity\": \"sha512-GQ2EWRpQV8/o+Aw8YqtfZZPfNRWZYkbidE9k5rpl/hC3vtHHBfGm2Ifi6qWV+coDGkrUKZAxE3Lot5kcsRlh+g==\",\n      \"dev\": true,\n      \"license\": \"MIT\",\n      \"dependencies\": {\n        \"callsites\": \"^3.0.0\"\n      },\n      \"engines\": {\n        \"node\": \">=6\"\n      }\n    },"}