{"chunk":183,"numChunks":252,"fileHash":"uosZxi4dBSfu8Vg45yRueuIDfDVG+VKDRJUui7BOpAw=","filePath":"package-lock.json","content":"{\n  \"packages\": {\n    \"node_modules/micromark-util-chunked\": {\n      \"version\": \"2.0.1\",\n      \"resolved\": \"https://registry.npmjs.org/micromark-util-chunked/-/micromark-util-chunked-2.0.1.tgz\",\n      \"integrity\": \"sha512-QUNFEOPELfmvv+4xiNg2sRYeS/P84pTW0TCgP5zc9FpXetHY0ab7SxKyAQCNCc1eK0459uoLI1y5oO5Vc1dbhA==\",\n      \"funding\": [\n        {\n          \"type\": \"GitHub Sponsors\",\n          \"url\": \"https://github.com/sponsors/unifiedjs\"\n        },\n        {\n          \"type\": \"OpenCollective\",\n          \"url\": \"https://opencollective.com/unified\"\n        }\n      ],\n      \"license\": \"MIT\",\n      \"dependencies\": {\n        \"micromark-util-symbol\": \"^2.0.0\"\n      }\n    },"}