{"chunk":17,"numChunks":252,"fileHash":"uosZxi4dBSfu8Vg45yRueuIDfDVG+VKDRJUui7BOpAw=","filePath":"package-lock.json","content":"{\n  \"packages\": {\n    \"node_modules/@eslint-community/eslint-utils/node_modules/eslint-visitor-keys\": {\n      \"version\": \"3.4.3\",\n      \"resolved\": \"https://registry.npmjs.org/eslint-visitor-keys/-/eslint-visitor-keys-3.4.3.tgz\",\n      \"integrity\": \"sha512-wpc+LXeiyiisxPlEkUzU6svyS1frIO3Mgxj1fdy7Pm8Ygzguax2N3Fa/D/ag1WqbOprdI+uY6wMUl8/a2G+iag==\",\n      \"dev\": true,\n      \"license\": \"Apache-2.0\",\n      \"engines\": {\n        \"node\": \"^12.22.0 || ^14.17.0 || >=16.0.0\"\n      },\n      \"funding\": {\n        \"url\": \"https://opencollective.com/eslint\"\n      }\n    },\n    \"node_modules/@eslint-community/regexpp\": {\n      \"version\": \"4.12.2\",\n      \"resolved\": \"https://registry.npmjs.org/@eslint-community/regexpp/-/regexpp-4.12.2.tgz\",\n      \"integrity\": \"sha512-EriSTlt5OC9/7SXkRSCAhfSxxoSUgBm33OH+IkwbdpgoqsSsUg7y3uh+IICI/Qg4BBWr3U2i39RpmycbxMq4ew==\",\n      \"dev\": true,\n      \"license\": \"MIT\",\n      \"engines\": {\n        \"node\": \"^12.0.0 || ^14.0.0 || >=16.0.0\"\n      }\n    },"}