{"chunk":0,"numChunks":1,"fileHash":"OMYGbGLoA/C1EsLhgpfDbN6szWoRkMHMGcxZyWx0u8E=","filePath":"eslint.config.js","content":"import js from '@eslint/js'\nimport globals from 'globals'\nimport reactHooks from 'eslint-plugin-react-hooks'\nimport reactRefresh from 'eslint-plugin-react-refresh'\nimport { defineConfig, globalIgnores } from 'eslint/config'\n\nexport default defineConfig([\n  globalIgnores(['dist']),\n  {\n    files: ['**/*.{js,jsx}'],\n    extends: [\n      js.configs.recommended,\n      reactHooks.configs['recommended-latest'],\n      reactRefresh.configs.vite,\n    ],\n    languageOptions: {\n      ecmaVersion: 2020,\n      globals: globals.browser,\n      parserOptions: {\n        ecmaVersion: 'latest',\n        ecmaFeatures: { jsx: true },\n        sourceType: 'module',\n      },\n    },\n    rules: {\n      'no-unused-vars': ['error', { varsIgnorePattern: '^[A-Z_]' }],\n    },\n  },\n])\n"}