{"chunk":133,"numChunks":252,"fileHash":"uosZxi4dBSfu8Vg45yRueuIDfDVG+VKDRJUui7BOpAw=","filePath":"package-lock.json","content":"{\n  \"packages\": {\n    \"node_modules/is-alphanumerical\": {\n      \"version\": \"2.0.1\",\n      \"resolved\": \"https://registry.npmjs.org/is-alphanumerical/-/is-alphanumerical-2.0.1.tgz\",\n      \"integrity\": \"sha512-hmbYhX/9MUMF5uh7tOXyK/n0ZvWpad5caBA17GsC6vyuCqaWliRG5K1qS9inmUhEMaOBIW7/whAnSwveW/LtZw==\",\n      \"license\": \"MIT\",\n      \"dependencies\": {\n        \"is-alphabetical\": \"^2.0.0\",\n        \"is-decimal\": \"^2.0.0\"\n      },\n      \"funding\": {\n        \"type\": \"github\",\n        \"url\": \"https://github.com/sponsors/wooorm\"\n      }\n    },"}