{"chunk":154,"numChunks":252,"fileHash":"uosZxi4dBSfu8Vg45yRueuIDfDVG+VKDRJUui7BOpAw=","filePath":"package-lock.json","content":"{\n  \"packages\": {\n    \"node_modules/mdast-util-gfm-task-list-item\": {\n      \"version\": \"2.0.0\",\n      \"resolved\": \"https://registry.npmjs.org/mdast-util-gfm-task-list-item/-/mdast-util-gfm-task-list-item-2.0.0.tgz\",\n      \"integrity\": \"sha512-IrtvNvjxC1o06taBAVJznEnkiHxLFTzgonUdy8hzFVeDun0uTjxxrRGVaNFqkU1wJR3RBPEfsxmU6jDWPofrTQ==\",\n      \"license\": \"MIT\",\n      \"dependencies\": {\n        \"@types/mdast\": \"^4.0.0\",\n        \"devlop\": \"^1.0.0\",\n        \"mdast-util-from-markdown\": \"^2.0.0\",\n        \"mdast-util-to-markdown\": \"^2.0.0\"\n      },\n      \"funding\": {\n        \"type\": \"opencollective\",\n        \"url\": \"https://opencollective.com/unified\"\n      }\n    },"}