{"chunk":139,"numChunks":252,"fileHash":"uosZxi4dBSfu8Vg45yRueuIDfDVG+VKDRJUui7BOpAw=","filePath":"package-lock.json","content":"{\n  \"packages\": {\n    \"node_modules/js-tokens\": {\n      \"version\": \"4.0.0\",\n      \"resolved\": \"https://registry.npmjs.org/js-tokens/-/js-tokens-4.0.0.tgz\",\n      \"integrity\": \"sha512-RdJUflcE3cUzKiMqQgsCu06FPu9UdIJO0beYbPhHN4k6apgJtifcoCtT9bcxOpYBtpD2kCM6Sbzg4CausW/PKQ==\",\n      \"license\": \"MIT\"\n    },\n    \"node_modules/js-yaml\": {\n      \"version\": \"4.1.0\",\n      \"resolved\": \"https://registry.npmjs.org/js-yaml/-/js-yaml-4.1.0.tgz\",\n      \"integrity\": \"sha512-wpxZs9NoxZaJESJGIZTyDEaYpl0FKSA+FB9aJiyemKhMwkxQg63h4T1KJgUGHpTqPDNRcmmYLugrRjJlBtWvRA==\",\n      \"dev\": true,\n      \"license\": \"MIT\",\n      \"dependencies\": {\n        \"argparse\": \"^2.0.1\"\n      },\n      \"bin\": {\n        \"js-yaml\": \"bin/js-yaml.js\"\n      }\n    },"}