{"chunk":229,"numChunks":252,"fileHash":"uosZxi4dBSfu8Vg45yRueuIDfDVG+VKDRJUui7BOpAw=","filePath":"package-lock.json","content":"{\n  \"packages\": {\n    \"node_modules/rollup\": {\n      \"optionalDependencies\": {\n        \"@rollup/rollup-linux-arm64-musl\": \"4.52.5\",\n        \"@rollup/rollup-linux-loong64-gnu\": \"4.52.5\",\n        \"@rollup/rollup-linux-ppc64-gnu\": \"4.52.5\",\n        \"@rollup/rollup-linux-riscv64-gnu\": \"4.52.5\",\n        \"@rollup/rollup-linux-riscv64-musl\": \"4.52.5\",\n        \"@rollup/rollup-linux-s390x-gnu\": \"4.52.5\",\n        \"@rollup/rollup-linux-x64-gnu\": \"4.52.5\",\n        \"@rollup/rollup-linux-x64-musl\": \"4.52.5\",\n        \"@rollup/rollup-openharmony-arm64\": \"4.52.5\",\n        \"@rollup/rollup-win32-arm64-msvc\": \"4.52.5\","}