{"chunk":68,"numChunks":252,"fileHash":"uosZxi4dBSfu8Vg45yRueuIDfDVG+VKDRJUui7BOpAw=","filePath":"package-lock.json","content":"{\n  \"packages\": {\n    \"node_modules/chalk\": {\n      \"version\": \"4.1.2\",\n      \"resolved\": \"https://registry.npmjs.org/chalk/-/chalk-4.1.2.tgz\",\n      \"integrity\": \"sha512-oKnbhFyRIXpUuez8iBMmyEa4nbj4IOQyuhc/wy9kY7/WVPcwIO9VA668Pu8RkO7+0G76SLROeyw9CpQ061i4mA==\",\n      \"dev\": true,\n      \"license\": \"MIT\",\n      \"dependencies\": {\n        \"ansi-styles\": \"^4.1.0\",\n        \"supports-color\": \"^7.1.0\"\n      },\n      \"engines\": {\n        \"node\": \">=10\"\n      },\n      \"funding\": {\n        \"url\": \"https://github.com/chalk/chalk?sponsor=1\"\n      }\n    },\n    \"node_modules/character-entities\": {\n      \"version\": \"2.0.2\",\n      \"resolved\": \"https://registry.npmjs.org/character-entities/-/character-entities-2.0.2.tgz\",\n      \"integrity\": \"sha512-shx7oQ0Awen/BRIdkjkvz54PnEEI/EjwXDSIZp86/KKdbafHh1Df/RYGBhn4hbe2+uKC9FnT5UCEdyPz3ai9hQ==\",\n      \"license\": \"MIT\",\n      \"funding\": {\n        \"type\": \"github\",\n        \"url\": \"https://github.com/sponsors/wooorm\"\n      }\n    },"}