{"chunk":204,"numChunks":252,"fileHash":"uosZxi4dBSfu8Vg45yRueuIDfDVG+VKDRJUui7BOpAw=","filePath":"package-lock.json","content":"{\n  \"packages\": {\n    \"node_modules/parse-entities/node_modules/@types/unist\": {\n      \"version\": \"2.0.11\",\n      \"resolved\": \"https://registry.npmjs.org/@types/unist/-/unist-2.0.11.tgz\",\n      \"integrity\": \"sha512-CmBKiL6NNo/OqgmMn95Fk9Whlp2mtvIv+KNpQKN2F4SjvrEesubTRWGYSg+BnWZOnlCaSTU1sMpsBOzgbYhnsA==\",\n      \"license\": \"MIT\"\n    },\n    \"node_modules/parse5\": {\n      \"version\": \"7.3.0\",\n      \"resolved\": \"https://registry.npmjs.org/parse5/-/parse5-7.3.0.tgz\",\n      \"integrity\": \"sha512-IInvU7fabl34qmi9gY8XOVxhYyMyuH2xUNpb2q8/Y+7552KlejkRvqvD19nMoUW/uQGGbqNpA6Tufu5FL5BZgw==\",\n      \"license\": \"MIT\",\n      \"dependencies\": {\n        \"entities\": \"^6.0.0\"\n      },\n      \"funding\": {\n        \"url\": \"https://github.com/inikulin/parse5?sponsor=1\"\n      }\n    },"}