{"chunk":47,"numChunks":252,"fileHash":"uosZxi4dBSfu8Vg45yRueuIDfDVG+VKDRJUui7BOpAw=","filePath":"package-lock.json","content":"{\n  \"packages\": {\n    \"node_modules/@swc/core-win32-arm64-msvc\": {\n      \"version\": \"1.13.5\",\n      \"resolved\": \"https://registry.npmjs.org/@swc/core-win32-arm64-msvc/-/core-win32-arm64-msvc-1.13.5.tgz\",\n      \"integrity\": \"sha512-cZ6UpumhF9SDJvv4DA2fo9WIzlNFuKSkZpZmPG1c+4PFSEMy5DFOjBSllCvnqihCabzXzpn6ykCwBmHpy31vQw==\",\n      \"cpu\": [\n        \"arm64\"\n      ],\n      \"dev\": true,\n      \"license\": \"Apache-2.0 AND MIT\",\n      \"optional\": true,\n      \"os\": [\n        \"win32\"\n      ],\n      \"engines\": {\n        \"node\": \">=10\"\n      }\n    },"}