{"chunk":116,"numChunks":252,"fileHash":"uosZxi4dBSfu8Vg45yRueuIDfDVG+VKDRJUui7BOpAw=","filePath":"package-lock.json","content":"{\n  \"packages\": {\n    \"node_modules/get-proto\": {\n      \"version\": \"1.0.1\",\n      \"resolved\": \"https://registry.npmjs.org/get-proto/-/get-proto-1.0.1.tgz\",\n      \"integrity\": \"sha512-sTSfBjoXBp89JvIKIefqw7U2CCebsc74kiY6awiGogKtoSGbgjYE/G/+l9sF3MWFPNc9IcoOC4ODfKHfxFmp0g==\",\n      \"license\": \"MIT\",\n      \"dependencies\": {\n        \"dunder-proto\": \"^1.0.1\",\n        \"es-object-atoms\": \"^1.0.0\"\n      },\n      \"engines\": {\n        \"node\": \">= 0.4\"\n      }\n    },\n    \"node_modules/glob-parent\": {\n      \"version\": \"6.0.2\",\n      \"resolved\": \"https://registry.npmjs.org/glob-parent/-/glob-parent-6.0.2.tgz\",\n      \"integrity\": \"sha512-XxwI8EOhVQgWp6iDL+3b0r86f4d6AX6zSU55HfB4ydCEuXLXc5FcYeOu+nnGftS4TEju/11rt4KJPTMgbfmv4A==\",\n      \"dev\": true,\n      \"license\": \"ISC\",\n      \"dependencies\": {\n        \"is-glob\": \"^4.0.3\"\n      },\n      \"engines\": {\n        \"node\": \">=10.13.0\"\n      }\n    },"}